league,season,game,md,team,venue,shirt,player,player_id,role,is_captain,is_goalkeeper,on_minute,off_minute,minutes_played
UPL,2025/26,BUL-vs-URA,1,BUL,home,23,TOM IKARA,065955M97,starting,no,yes,0,,90
UPL,2025/26,BUL-vs-URA,1,BUL,home,06,George Kasonko,000241M96,starting,yes,no,0,46,46
UPL,2025/26,BUL-vs-URA,1,BUL,home,02,Hillary Onek,001574M01,starting,no,no,0,,90
UPL,2025/26,BUL-vs-URA,1,BUL,home,05,Bakali Magumda,008892M96,starting,no,no,0,,90
UPL,2025/26,BUL-vs-URA,1,BUL,home,11,Isaac Wagoina,005568M00,starting,no,no,0,69,69
UPL,2025/26,BUL-vs-URA,1,BUL,home,14,Jeromy Kirya,002167M97,starting,no,no,0,,90
UPL,2025/26,BUL-vs-URA,1,BUL,home,16,Pascal Ngobi,002654M94,starting,no,no,0,,90
UPL,2025/26,BUL-vs-URA,1,BUL,home,17,Tah Barni Kelvin,024730M99,starting,no,no,0,,90
UPL,2025/26,BUL-vs-URA,1,BUL,home,20,Abdul Karim Ndugwa,062821M97,starting,no,no,0,88,88
UPL,2025/26,BUL-vs-URA,1,BUL,home,24,Martin Aprem,006304M00,starting,no,no,0,69,69
UPL,2025/26,BUL-vs-URA,1,BUL,home,25,Denis Ssewagudde,048868M06,starting,no,no,0,,90
UPL,2025/26,BUL-vs-URA,1,URA,away,16,Chrispas Kusiima,002270M98,starting,no,yes,0,,90
UPL,2025/26,BUL-vs-URA,1,URA,away,7,Moses Okabo Aliro,008911M96,starting,yes,no,0,,90
UPL,2025/26,BUL-vs-URA,1,URA,away,2,James Penz Begisa,006994M02,starting,no,no,0,,90
UPL,2025/26,BUL-vs-URA,1,URA,away,5,Ronald Otti,003798M94,starting,no,no,0,,90
UPL,2025/26,BUL-vs-URA,1,URA,away,9,Joseph Ssemujju,001464M97,starting,no,no,0,88,88
UPL,2025/26,BUL-vs-URA,1,URA,away,10,Laban Tibiita,001470M02,starting,no,no,0,76,76
UPL,2025/26,BUL-vs-URA,1,URA,away,12,Nelson Senkatuka,000614M97,starting,no,no,0,76,76
UPL,2025/26,BUL-vs-URA,1,URA,away,13,Faizo Matovu,006969M97,starting,no,no,0,,90
UPL,2025/26,BUL-vs-URA,1,URA,away,14,George Masembe,045544M05,starting,no,no,0,,90
UPL,2025/26,BUL-vs-URA,1,URA,away,17,Arthur Kiggundu,000942M95,starting,no,no,0,,90
UPL,2025/26,BUL-vs-URA,1,URA,away,20,Ibrahim Wamannah,001134M97,starting,no,no,0,88,88
UPL,2025/26,BUL-vs-URA,1,BUL,home,01,Yawe Farouk Sebanjja,002513M99,substitute,no,no,,,0
UPL,2025/26,BUL-vs-URA,1,BUL,home,08,Ibrahim Orit,000632M98,substitute,no,no,69,,21
UPL,2025/26,BUL-vs-URA,1,BUL,home,09,Seiri Arigumaho,024705M01,substitute,no,no,,,0
UPL,2025/26,BUL-vs-URA,1,BUL,home,10,Ibrahim Mugulusi,000773M99,substitute,no,no,,,0
UPL,2025/26,BUL-vs-URA,1,BUL,home,12,ISAAC SSENYUNJA,027464M98,substitute,no,no,,,0
UPL,2025/26,BUL-vs-URA,1,BUL,home,18,ALEX KITATA,065956M92,substitute,no,no,88,,2
UPL,2025/26,BUL-vs-URA,1,BUL,home,19,Isaac Musiima,008053M93,substitute,no,no,46,,44
UPL,2025/26,BUL-vs-URA,1,BUL,home,21,Fredrick Ngalo,000957M96,substitute,no,no,,,0
UPL,2025/26,BUL-vs-URA,1,BUL,home,22,Reagan Kalyowa,006303M01,substitute,no,no,69,,21
UPL,2025/26,BUL-vs-URA,1,BUL,home,28,LWENDA SOWEDI,038683M06,substitute,no,no,,,0
UPL,2025/26,BUL-vs-URA,1,BUL,home,30,Simon Achidi,045395M05,substitute,no,no,,,0
UPL,2025/26,BUL-vs-URA,1,URA,away,3,Hudu Mulikyi,000397M95,substitute,no,no,,,0
UPL,2025/26,BUL-vs-URA,1,URA,away,4,Norman Namanya,001766M00,substitute,no,no,76,,14
UPL,2025/26,BUL-vs-URA,1,URA,away,06,Abraham Kakensa Tusubira,006815M94,substitute,no,no,,,0
UPL,2025/26,BUL-vs-URA,1,URA,away,8,Nicholas Kabonge,002860M98,substitute,no,no,,,0
UPL,2025/26,BUL-vs-URA,1,URA,away,24,Muhamad Ssekkeba,000658M95,substitute,no,no,,,0
UPL,2025/26,BUL-vs-URA,1,URA,away,26,JOHN INNOCENT KISOLO,043298M06,substitute,no,no,88,,2
UPL,2025/26,BUL-vs-URA,1,URA,away,27,Justine Opiro,008877M03,substitute,no,no,,,0
UPL,2025/26,BUL-vs-URA,1,URA,away,28,Denis Luzige Kisiriko,032842M06,substitute,no,no,76,,14
UPL,2025/26,BUL-vs-URA,1,URA,away,30,Godfrey Sekibengo,043871M06,substitute,no,no,88,,2
UPL,2025/26,ENTEBBE-vs-BUHIMBA,1,ENTEBBE,home,24,Rogers Omedwa,006042M92,starting,no,yes,0,,90
UPL,2025/26,ENTEBBE-vs-BUHIMBA,1,ENTEBBE,home,15,Musitafa Mujuzi,000489M99,starting,yes,no,0,,90
UPL,2025/26,ENTEBBE-vs-BUHIMBA,1,ENTEBBE,home,05,Ahmed Amayo,009911M99,starting,no,no,0,,90
UPL,2025/26,ENTEBBE-vs-BUHIMBA,1,ENTEBBE,home,7,Julius Poloto,000570M99,starting,no,no,0,,90
UPL,2025/26,ENTEBBE-vs-BUHIMBA,1,ENTEBBE,home,8,Steven Munguchi,002584M95,starting,no,no,0,46,46
UPL,2025/26,ENTEBBE-vs-BUHIMBA,1,ENTEBBE,home,12,Hassan Ssenyonjo,009233M00,starting,no,no,0,67,67
UPL,2025/26,ENTEBBE-vs-BUHIMBA,1,ENTEBBE,home,13,Jonathan Gift Odongo,002867M98,starting,no,no,0,,90
UPL,2025/26,ENTEBBE-vs-BUHIMBA,1,ENTEBBE,home,17,Issa Bugembe,024771M04,starting,no,no,0,46,46
UPL,2025/26,ENTEBBE-vs-BUHIMBA,1,ENTEBBE,home,19,Ambrose Kigozi,024680M96,starting,no,no,0,67,67
UPL,2025/26,ENTEBBE-vs-BUHIMBA,1,ENTEBBE,home,21,Muhammad Kyeyune,006276M00,starting,no,no,0,32,32
UPL,2025/26,ENTEBBE-vs-BUHIMBA,1,ENTEBBE,home,22,Marvin Mukiibi,031945M03,starting,no,no,0,,90
UPL,2025/26,ENTEBBE-vs-BUHIMBA,1,BUHIMBA,away,1,Jamil Kiyimba,001057M98,starting,no,yes,0,,90
UPL,2025/26,ENTEBBE-vs-BUHIMBA,1,BUHIMBA,away,18,Maxwell Owachgiu,001052M97,starting,yes,no,0,,90
UPL,2025/26,ENTEBBE-vs-BUHIMBA,1,BUHIMBA,away,02,David Kasaija,008615M02,starting,no,no,0,,90
UPL,2025/26,ENTEBBE-vs-BUHIMBA,1,BUHIMBA,away,3,NKATA FRED,065708M93,starting,no,no,0,,90
UPL,2025/26,ENTEBBE-vs-BUHIMBA,1,BUHIMBA,away,5,Dudu Ramadhan,001615M93,starting,no,no,0,,90
UPL,2025/26,ENTEBBE-vs-BUHIMBA,1,BUHIMBA,away,8,Erick Muber,032079M02,starting,no,no,0,,90
UPL,2025/26,ENTEBBE-vs-BUHIMBA,1,BUHIMBA,away,11,John Wesley kisaakye,006087M96,starting,no,no,0,67,67
UPL,2025/26,ENTEBBE-vs-BUHIMBA,1,BUHIMBA,away,14,Solomon Akodi,003594M01,starting,no,no,0,,90
UPL,2025/26,ENTEBBE-vs-BUHIMBA,1,BUHIMBA,away,21,Edson Agondeze,008499M00,starting,no,no,0,67,67
UPL,2025/26,ENTEBBE-vs-BUHIMBA,1,BUHIMBA,away,25,Anwaru Mustafa Ntege,002236M94,starting,no,no,0,83,83
UPL,2025/26,ENTEBBE-vs-BUHIMBA,1,BUHIMBA,away,26,Swadik Moro,044784M03,starting,no,no,0,67,67
UPL,2025/26,ENTEBBE-vs-BUHIMBA,1,ENTEBBE,home,03,Bright Joseph Vuni,002554M98,substitute,no,no,,,0
UPL,2025/26,ENTEBBE-vs-BUHIMBA,1,ENTEBBE,home,6,Sam Kintu,000495M95,substitute,no,no,,,0
UPL,2025/26,ENTEBBE-vs-BUHIMBA,1,ENTEBBE,home,9,Fazil Tumwine,051245M05,substitute,no,no,67,,23
UPL,2025/26,ENTEBBE-vs-BUHIMBA,1,ENTEBBE,home,10,Junior Samuel Kawawa,026859M97,substitute,no,no,32,,58
UPL,2025/26,ENTEBBE-vs-BUHIMBA,1,ENTEBBE,home,11,Noordin Saddic Bunjo,000445M99,substitute,no,no,46,,44
UPL,2025/26,ENTEBBE-vs-BUHIMBA,1,ENTEBBE,home,14,Denis Otim,002882M99,substitute,no,no,,,0
UPL,2025/26,ENTEBBE-vs-BUHIMBA,1,ENTEBBE,home,16,Emmanuel Iisat,044680M03,substitute,no,no,46,,44
UPL,2025/26,ENTEBBE-vs-BUHIMBA,1,ENTEBBE,home,18,John Kokas Alou,001667M02,substitute,no,no,67,,23
UPL,2025/26,ENTEBBE-vs-BUHIMBA,1,ENTEBBE,home,23,Isa Mubiru,000276M96,substitute,no,no,,,0
UPL,2025/26,ENTEBBE-vs-BUHIMBA,1,ENTEBBE,home,25,George Kiryowa,001427M97,substitute,no,no,,,0
UPL,2025/26,ENTEBBE-vs-BUHIMBA,1,ENTEBBE,home,27,Charles Okello Batiibwe,027001M05,substitute,no,no,,,0
UPL,2025/26,ENTEBBE-vs-BUHIMBA,1,BUHIMBA,away,7,Hussein Mwanje,024625M97,substitute,no,no,67,,23
UPL,2025/26,ENTEBBE-vs-BUHIMBA,1,BUHIMBA,away,9,sheif Batte,000580M92,substitute,no,no,67,,23
UPL,2025/26,ENTEBBE-vs-BUHIMBA,1,BUHIMBA,away,10,Shafic Kiryowa,007345M99,substitute,no,no,67,,23
UPL,2025/26,ENTEBBE-vs-BUHIMBA,1,BUHIMBA,away,12,Charles Kyomuhendo,009379M97,substitute,no,no,,,0
UPL,2025/26,ENTEBBE-vs-BUHIMBA,1,BUHIMBA,away,13,Eric Washington Nyonyintono,024653M00,substitute,no,no,,,0
UPL,2025/26,ENTEBBE-vs-BUHIMBA,1,BUHIMBA,away,16,Malongo Gedeon Mpia,065949M03,substitute,no,no,83,,7
UPL,2025/26,ENTEBBE-vs-BUHIMBA,1,BUHIMBA,away,19,Derick Byabacwezi,026897M01,substitute,no,no,,,0
UPL,2025/26,ENTEBBE-vs-BUHIMBA,1,BUHIMBA,away,23,Mpuna Emmanuel Biseki,065950M97,substitute,no,no,,,0
UPL,2025/26,ENTEBBE-vs-BUHIMBA,1,BUHIMBA,away,28,Moses Ayebale,033075M05,substitute,no,no,,,0
UPL,2025/26,KITARA-vs-KCCA,1,KITARA,home,18,Meddie Kibirige,000417M96,starting,no,yes,0,,90
UPL,2025/26,KITARA-vs-KCCA,1,KITARA,home,6,Baguma Jasper Aheebwa,000997M01,starting,yes,no,0,,90
UPL,2025/26,KITARA-vs-KCCA,1,KITARA,home,4,Frank Tumwesigye,000536M99,starting,no,no,0,,90
UPL,2025/26,KITARA-vs-KCCA,1,KITARA,home,7,Yunusu Sibira,024588M95,starting,no,no,0,78,78
UPL,2025/26,KITARA-vs-KCCA,1,KITARA,home,8,Hussein Ssenoga,005997M98,starting,no,no,0,,90
UPL,2025/26,KITARA-vs-KCCA,1,KITARA,home,13,Emmanuel Alex Wasswa,005641M93,starting,no,no,0,55,55
UPL,2025/26,KITARA-vs-KCCA,1,KITARA,home,15,Jimmy Kalema,031277M05,starting,no,no,0,,90
UPL,2025/26,KITARA-vs-KCCA,1,KITARA,home,17,Benjamin Nyakoojo,000626M97,starting,no,no,0,,90
UPL,2025/26,KITARA-vs-KCCA,1,KITARA,home,23,Isa Muzeeyi Lumu,004443M95,starting,no,no,0,,90
UPL,2025/26,KITARA-vs-KCCA,1,KITARA,home,26,Edward Namaasa,044748M05,starting,no,no,0,,90
UPL,2025/26,KITARA-vs-KCCA,1,KCCA,away,12,Charles Lukwago,000622M94,starting,yes,yes,0,,90
UPL,2025/26,KITARA-vs-KCCA,1,KCCA,away,2,Herbert Achayi,006277M99,starting,no,no,0,,90
UPL,2025/26,KITARA-vs-KCCA,1,KCCA,away,3,Hassan Muhamud,003074M96,starting,no,no,0,55,55
UPL,2025/26,KITARA-vs-KCCA,1,KCCA,away,4,Saidi Mayanja,001033M99,starting,no,no,0,,90
UPL,2025/26,KITARA-vs-KCCA,1,KCCA,away,6,Sammy Raynald Ssebaduka,028682M02,starting,no,no,0,,90
UPL,2025/26,KITARA-vs-KCCA,1,KCCA,away,11,Ivan Ahimbisibwe,002011M95,starting,no,no,0,55,55
UPL,2025/26,KITARA-vs-KCCA,1,KCCA,away,16,Fillbert Obenchan,000649M96,starting,no,no,0,,90
UPL,2025/26,KITARA-vs-KCCA,1,KCCA,away,17,Ashraf Mugume,001580M98,starting,no,no,0,78,78
UPL,2025/26,KITARA-vs-KCCA,1,KCCA,away,19,Shafik Nana Kwikiriza,040861M04,starting,no,no,0,55,55
UPL,2025/26,KITARA-vs-KCCA,1,KCCA,away,21,Gavin Mugweri Kizito,006315M02,starting,no,no,0,46,46
UPL,2025/26,KITARA-vs-KCCA,1,KCCA,away,22,Joel Sserunjogi,005883M04,starting,no,no,0,,90
UPL,2025/26,KITARA-vs-KCCA,1,KITARA,home,1,James Alitho,000362M95,substitute,no,no,,,0
UPL,2025/26,KITARA-vs-KCCA,1,KITARA,home,2,Nemeyimana Samuel Kato,009931M98,substitute,no,no,,,0
UPL,2025/26,KITARA-vs-KCCA,1,KITARA,home,3,Muyomba Henry Musisi,002519M92,substitute,no,no,,,0
UPL,2025/26,KITARA-vs-KCCA,1,KITARA,home,5,Murushid Juuko,021283M94,substitute,no,no,,,0
UPL,2025/26,KITARA-vs-KCCA,1,KITARA,home,9,George Senkaaba,000493M93,substitute,no,no,78,,12
UPL,2025/26,KITARA-vs-KCCA,1,KITARA,home,10,John Bosco Byaruhanga,063740M02,substitute,no,no,55,,35
UPL,2025/26,KITARA-vs-KCCA,1,KITARA,home,11,Wahab Gadafi,000370M99,substitute,no,no,,,0
UPL,2025/26,KITARA-vs-KCCA,1,KITARA,home,14,Denis Monday,001396M92,substitute,no,no,,,0
UPL,2025/26,KITARA-vs-KCCA,1,KITARA,home,20,Crispus Asiki,058415M02,substitute,no,no,,,0
UPL,2025/26,KITARA-vs-KCCA,1,KITARA,home,22,Isaac Doka Mweru,008319M96,substitute,no,no,,,0
UPL,2025/26,KITARA-vs-KCCA,1,KITARA,home,27,Isaac Amutuhaire,044871M03,substitute,no,no,,,0
UPL,2025/26,KITARA-vs-KCCA,1,KCCA,away,01,Mutwalibi Mugolofa,001733M00,substitute,no,no,,,0
UPL,2025/26,KITARA-vs-KCCA,1,KCCA,away,5,Sharifu Ssengendo,055880M05,substitute,no,no,78,,12
UPL,2025/26,KITARA-vs-KCCA,1,KCCA,away,8,Alpha Thierry Ssali,006081M03,substitute,no,no,,,0
UPL,2025/26,KITARA-vs-KCCA,1,KCCA,away,13,Peter Magambo,001755M99,substitute,no,no,55,,35
UPL,2025/26,KITARA-vs-KCCA,1,KCCA,away,15,Enock Walusimbi,001697M98,substitute,no,no,,,0
UPL,2025/26,KITARA-vs-KCCA,1,KCCA,away,20,Emmanuel Anyama,012569M98,substitute,no,no,55,,35
UPL,2025/26,KITARA-vs-KCCA,1,KCCA,away,26,James Mubezi,025433M04,substitute,no,no,,,0
UPL,2025/26,KITARA-vs-KCCA,1,KCCA,away,28,Humphrey Oyirwoth,044066M04,substitute,no,no,,,0
UPL,2025/26,KITARA-vs-KCCA,1,KCCA,away,29,Haruna Lukwago,021673M04,substitute,no,no,,,0
UPL,2025/26,KITARA-vs-KCCA,1,KCCA,away,30,Alex Yiga,033201M06,substitute,no,no,55,,35
UPL,2025/26,KITARA-vs-KCCA,1,KCCA,away,45,STEVEN JAMES OYIRWOTH,033211M07,substitute,no,no,46,,44
UPL,2025/26,KITARA-vs-KCCA,1,KCCA,away,56,Brian Jjara,036912M08,substitute,no,no,,,0
UPL,2025/26,LUGAZI-vs-CALVARY,1,LUGAZI,home,,Juma Mutebi,042164M02,starting,no,yes,0,,90
UPL,2025/26,LUGAZI-vs-CALVARY,1,LUGAZI,home,24,Ayiko Richard,000452M93,starting,yes,no,0,,90
UPL,2025/26,LUGAZI-vs-CALVARY,1,LUGAZI,home,3,Dauson Mafumu,044021M03,starting,no,no,0,,90
UPL,2025/26,LUGAZI-vs-CALVARY,1,LUGAZI,home,10,Moses Ojoaza Buga,002606M95,starting,no,no,0,65,65
UPL,2025/26,LUGAZI-vs-CALVARY,1,LUGAZI,home,12,Sharif Saaka,009834M91,starting,no,no,0,90,90
UPL,2025/26,LUGAZI-vs-CALVARY,1,LUGAZI,home,13,David Bagoole,006295M96,starting,no,no,0,,90
UPL,2025/26,LUGAZI-vs-CALVARY,1,LUGAZI,home,16,Abdul Kalanzi,007342M03,starting,no,no,0,,90
UPL,2025/26,LUGAZI-vs-CALVARY,1,LUGAZI,home,17,Paul Wasswa,002518M99,starting,no,no,0,,90
UPL,2025/26,LUGAZI-vs-CALVARY,1,LUGAZI,home,20,Amos Etojo,002129M94,starting,no,no,0,30,30
UPL,2025/26,LUGAZI-vs-CALVARY,1,LUGAZI,home,21,Rogers Atube,007798M94,starting,no,no,0,,90
UPL,2025/26,LUGAZI-vs-CALVARY,1,LUGAZI,home,26,Juma Ssajjabi,051304M06,starting,no,no,0,46,46
UPL,2025/26,LUGAZI-vs-CALVARY,1,CALVARY,away,22,Hadji Shukuru,032060M02,starting,no,yes,0,,90
UPL,2025/26,LUGAZI-vs-CALVARY,1,CALVARY,away,8,Christopher Agotre,005690M98,starting,yes,no,0,80,80
UPL,2025/26,LUGAZI-vs-CALVARY,1,CALVARY,away,3,Julius Ocen,002798M95,starting,no,no,0,,90
UPL,2025/26,LUGAZI-vs-CALVARY,1,CALVARY,away,4,Bashir Asiku,005705M00,starting,no,no,0,56,56
UPL,2025/26,LUGAZI-vs-CALVARY,1,CALVARY,away,10,Simon Peter Odeke,000823M96,starting,no,no,0,,90
UPL,2025/26,LUGAZI-vs-CALVARY,1,CALVARY,away,11,James Ssemambo,000846M98,starting,no,no,0,56,56
UPL,2025/26,LUGAZI-vs-CALVARY,1,CALVARY,away,17,Haron Odongo,000740M00,starting,no,no,0,,90
UPL,2025/26,LUGAZI-vs-CALVARY,1,CALVARY,away,20,Steven Nyalimo,027792M95,starting,no,no,0,80,80
UPL,2025/26,LUGAZI-vs-CALVARY,1,CALVARY,away,21,Daniel Opio,006881M97,starting,no,no,0,,90
UPL,2025/26,LUGAZI-vs-CALVARY,1,CALVARY,away,29,ANDREW KIWANUKA,064234M05,starting,no,no,0,,90
UPL,2025/26,LUGAZI-vs-CALVARY,1,CALVARY,away,30,Junior Emmanuel Ojok,033958M06,starting,no,no,0,,90
UPL,2025/26,LUGAZI-vs-CALVARY,1,LUGAZI,home,1,Allan Batali Igama,065884M07,substitute,no,no,,,0
UPL,2025/26,LUGAZI-vs-CALVARY,1,LUGAZI,home,4,Joseph Othieno,062824M96,substitute,no,no,,,0
UPL,2025/26,LUGAZI-vs-CALVARY,1,LUGAZI,home,5,Edrine Junior Owachgiu,044172M05,substitute,no,no,90,,0
UPL,2025/26,LUGAZI-vs-CALVARY,1,LUGAZI,home,6,Yusuf Mafabi,026758M03,substitute,no,no,,,0
UPL,2025/26,LUGAZI-vs-CALVARY,1,LUGAZI,home,7,Ashiraf Mulindi,008496M01,substitute,no,no,46,,44
UPL,2025/26,LUGAZI-vs-CALVARY,1,LUGAZI,home,8,Derrick Mwanje,008014M98,substitute,no,no,,,0
UPL,2025/26,LUGAZI-vs-CALVARY,1,LUGAZI,home,19,Alfred Leku,017845M97,substitute,no,no,65,,25
UPL,2025/26,LUGAZI-vs-CALVARY,1,LUGAZI,home,22,Lumumba Norman Eluzai Brown,062826M05,substitute,no,no,,,0
UPL,2025/26,LUGAZI-vs-CALVARY,1,LUGAZI,home,27,Freedom Mungudit,057827M06,substitute,no,no,30,,60
UPL,2025/26,LUGAZI-vs-CALVARY,1,CALVARY,away,12,Tusaba Najib Gwaidho,003727M95,substitute,no,no,,,0
UPL,2025/26,LUGAZI-vs-CALVARY,1,CALVARY,away,15,Stephen Oriokot,000835M97,substitute,no,no,56,,34
UPL,2025/26,LUGAZI-vs-CALVARY,1,CALVARY,away,19,Saidi Sukuru,025621M00,substitute,no,no,80,,10
UPL,2025/26,LUGAZI-vs-CALVARY,1,CALVARY,away,23,Marvin Praise Wambuga,024641M01,substitute,no,no,,,0
UPL,2025/26,LUGAZI-vs-CALVARY,1,CALVARY,away,24,Emmanuel Derrick Were,000315M96,substitute,no,no,,,0
UPL,2025/26,LUGAZI-vs-CALVARY,1,CALVARY,away,25,Mubaraka Mitala,058076M06,substitute,no,no,80,,10
UPL,2025/26,LUGAZI-vs-CALVARY,1,CALVARY,away,28,Allan Kiggundu,001111M04,substitute,no,no,56,,34
UPL,2025/26,POLICE-vs-MBARARA,1,POLICE,home,25,Mathias Muwanga,000391M97,starting,no,yes,0,,90
UPL,2025/26,POLICE-vs-MBARARA,1,POLICE,home,16,Saidi Kyeyune,000664M93,starting,yes,no,0,,90
UPL,2025/26,POLICE-vs-MBARARA,1,POLICE,home,3,Richard Matovu,001863M98,starting,no,no,0,,90
UPL,2025/26,POLICE-vs-MBARARA,1,POLICE,home,4,Benon Tahomera,004483M96,starting,no,no,0,,90
UPL,2025/26,POLICE-vs-MBARARA,1,POLICE,home,6,Daniel Jakony,022744M00,starting,no,no,0,,90
UPL,2025/26,POLICE-vs-MBARARA,1,POLICE,home,10,Dennis Kalanzi,055884M06,starting,no,no,0,,90
UPL,2025/26,POLICE-vs-MBARARA,1,POLICE,home,17,Charles Bbaale,008955M94,starting,no,no,0,60,60
UPL,2025/26,POLICE-vs-MBARARA,1,POLICE,home,19,Brian James Obedi,023009M00,starting,no,no,0,60,60
UPL,2025/26,POLICE-vs-MBARARA,1,POLICE,home,21,Sizwe Mario Gwebu,065939M03,starting,no,no,0,83,83
UPL,2025/26,POLICE-vs-MBARARA,1,POLICE,home,28,Abudshakur Ramsey Jemba,010972M05,starting,no,no,0,60,60
UPL,2025/26,POLICE-vs-MBARARA,1,POLICE,home,30,Stephen Namaisi,022529M05,starting,no,no,0,,90
UPL,2025/26,POLICE-vs-MBARARA,1,MBARARA,away,18,Emuran Fahad,020210M01,starting,no,yes,0,,90
UPL,2025/26,POLICE-vs-MBARARA,1,MBARARA,away,5,Ibrahim Thembo,002051M99,starting,yes,no,0,,90
UPL,2025/26,POLICE-vs-MBARARA,1,MBARARA,away,3,Innocent Wafula Esimu,008629M96,starting,no,no,0,63,63
UPL,2025/26,POLICE-vs-MBARARA,1,MBARARA,away,8,Ian Amanya,003379M96,starting,no,no,0,,90
UPL,2025/26,POLICE-vs-MBARARA,1,MBARARA,away,9,Henry Kitegenyi,055878M04,starting,no,no,0,,90
UPL,2025/26,POLICE-vs-MBARARA,1,MBARARA,away,11,Mike Walaga,006072M93,starting,no,no,0,79,79
UPL,2025/26,POLICE-vs-MBARARA,1,MBARARA,away,14,Latif Ssenkubuge,027525M00,starting,no,no,0,46,46
UPL,2025/26,POLICE-vs-MBARARA,1,MBARARA,away,15,Reagan Matege,027324M98,starting,no,no,0,,90
UPL,2025/26,POLICE-vs-MBARARA,1,MBARARA,away,20,Gadaffi Kacancu,001771M92,starting,no,no,0,63,63
UPL,2025/26,POLICE-vs-MBARARA,1,MBARARA,away,24,Sulaiman Ssesaazi,002522M96,starting,no,no,0,,90
UPL,2025/26,POLICE-vs-MBARARA,1,MBARARA,away,28,Abudul Malik Bironse,025236M04,starting,no,no,0,46,46
UPL,2025/26,POLICE-vs-MBARARA,1,POLICE,home,7,Reagan Steven Male,002310M99,substitute,no,no,60,,30
UPL,2025/26,POLICE-vs-MBARARA,1,POLICE,home,8,Ivan Eyamu,001898M01,substitute,no,no,60,,30
UPL,2025/26,POLICE-vs-MBARARA,1,POLICE,home,9,Umaru Kasumba,063887M94,substitute,no,no,83,,7
UPL,2025/26,POLICE-vs-MBARARA,1,POLICE,home,11,Lawrence Tezikya,017848M98,substitute,no,no,60,,30
UPL,2025/26,POLICE-vs-MBARARA,1,POLICE,home,15,Bedia Djuma Ikamba,065938M04,substitute,no,no,,,0
UPL,2025/26,POLICE-vs-MBARARA,1,POLICE,home,20,Deus Bukenya,024723M95,substitute,no,no,,,0
UPL,2025/26,POLICE-vs-MBARARA,1,POLICE,home,22,Tonny Kiwalazi,006255M00,substitute,no,no,,,0
UPL,2025/26,POLICE-vs-MBARARA,1,POLICE,home,24,Edward Kasibante,001902M98,substitute,no,no,,,0
UPL,2025/26,POLICE-vs-MBARARA,1,POLICE,home,26,Rayn Figo Kizito,032556M05,substitute,no,no,,,0
UPL,2025/26,POLICE-vs-MBARARA,1,MBARARA,away,01,Aaron Icumar,025112M99,substitute,no,no,,,0
UPL,2025/26,POLICE-vs-MBARARA,1,MBARARA,away,6,Francis Odongo,009525M97,substitute,no,no,,,0
UPL,2025/26,POLICE-vs-MBARARA,1,MBARARA,away,7,Ronald Edwok,000827M97,substitute,no,no,,,0
UPL,2025/26,POLICE-vs-MBARARA,1,MBARARA,away,10,Clinton Davico Kamugisha,001602M99,substitute,no,no,79,,11
UPL,2025/26,POLICE-vs-MBARARA,1,MBARARA,away,13,Hamza Mulambuzi,017847M01,substitute,no,no,,,0
UPL,2025/26,POLICE-vs-MBARARA,1,MBARARA,away,17,Nasur Almahad Sadik,015036M01,substitute,no,no,46,,44
UPL,2025/26,POLICE-vs-MBARARA,1,MBARARA,away,19,Gabriel Eragu,002769M93,substitute,no,no,63,,27
UPL,2025/26,POLICE-vs-MBARARA,1,MBARARA,away,22,Denis Kaka Omony,001160M00,substitute,no,no,46,,44
UPL,2025/26,POLICE-vs-MBARARA,1,MBARARA,away,23,Wycliffe Ahumuza,044786M02,substitute,no,no,,,0
UPL,2025/26,POLICE-vs-MBARARA,1,MBARARA,away,26,Muhammed Kanyike,042577M03,substitute,no,no,,,0
UPL,2025/26,POLICE-vs-MBARARA,1,MBARARA,away,30,Thomas Kakaire,001734M03,substitute,no,no,63,,27
UPL,2025/26,EXPRESS-vs-UPDF,1,EXPRESS,home,12,Ramadhan Ali Mwirusi,006444M99,starting,no,yes,0,,90
UPL,2025/26,EXPRESS-vs-UPDF,1,EXPRESS,home,13,Ashraf Mbazira,002676M98,starting,yes,no,0,,90
UPL,2025/26,EXPRESS-vs-UPDF,1,EXPRESS,home,2,Peter Onzima,000956M94,starting,no,no,0,87,87
UPL,2025/26,EXPRESS-vs-UPDF,1,EXPRESS,home,3,HAKIM WANDERA,033032M07,starting,no,no,0,46,46
UPL,2025/26,EXPRESS-vs-UPDF,1,EXPRESS,home,8,Muhamed Kagawa Ssenoga,021073M01,starting,no,no,0,46,46
UPL,2025/26,EXPRESS-vs-UPDF,1,EXPRESS,home,9,Habert Asiimwe,015651M97,starting,no,no,0,,90
UPL,2025/26,EXPRESS-vs-UPDF,1,EXPRESS,home,11,Abdulahi Rashid,001920M00,starting,no,no,0,87,87
UPL,2025/26,EXPRESS-vs-UPDF,1,EXPRESS,home,19,RWOTNGEYO DOUGLAS HANNCIENT,065936M03,starting,no,no,0,,90
UPL,2025/26,EXPRESS-vs-UPDF,1,EXPRESS,home,22,Yosia Kisa,033521M01,starting,no,no,0,,90
UPL,2025/26,EXPRESS-vs-UPDF,1,EXPRESS,home,25,John Asiimwe,042882M08,starting,no,no,0,,90
UPL,2025/26,EXPRESS-vs-UPDF,1,EXPRESS,home,26,KHASIM MUSTAPHA,035993M06,starting,no,no,0,,90
UPL,2025/26,EXPRESS-vs-UPDF,1,UPDF,away,01,Abdul Kimera,001836M95,starting,no,yes,0,,90
UPL,2025/26,EXPRESS-vs-UPDF,1,UPDF,away,4,Bernard Muwanga,000569M93,starting,yes,no,0,,90
UPL,2025/26,EXPRESS-vs-UPDF,1,UPDF,away,6,Edward Satulo,002359M00,starting,no,no,0,,90
UPL,2025/26,EXPRESS-vs-UPDF,1,UPDF,away,8,Joseph Janjali,001385M96,starting,no,no,0,,90
UPL,2025/26,EXPRESS-vs-UPDF,1,UPDF,away,11,Samson Andrew Kigozi,000319M95,starting,no,no,0,52,52
UPL,2025/26,EXPRESS-vs-UPDF,1,UPDF,away,12,Ronald Kayondo,007049M98,starting,no,no,0,,90
UPL,2025/26,EXPRESS-vs-UPDF,1,UPDF,away,15,Swaibu Kasujja Kalule,010608M96,starting,no,no,0,,90
UPL,2025/26,EXPRESS-vs-UPDF,1,UPDF,away,17,Christopher Kamagu,002162M98,starting,no,no,0,87,87
UPL,2025/26,EXPRESS-vs-UPDF,1,UPDF,away,21,Emmanuel Manu Ochen,004763M97,starting,no,no,0,66,66
UPL,2025/26,EXPRESS-vs-UPDF,1,UPDF,away,22,FRANK GLADISON MUGISA,019194M98,starting,no,no,0,66,66
UPL,2025/26,EXPRESS-vs-UPDF,1,UPDF,away,23,Samuel Kayongo Ssekamatte,001757M93,starting,no,no,0,87,87
UPL,2025/26,EXPRESS-vs-UPDF,1,EXPRESS,home,,OLOYA MOSES,063678M92,substitute,no,no,46,,44
UPL,2025/26,EXPRESS-vs-UPDF,1,EXPRESS,home,14,RAMZ KAWOOYA,044846M99,substitute,no,no,,,0
UPL,2025/26,EXPRESS-vs-UPDF,1,EXPRESS,home,17,Mikidadi Ssenyonga,009184M97,substitute,no,no,46,,44
UPL,2025/26,EXPRESS-vs-UPDF,1,EXPRESS,home,27,Khassim Hafizi,010898M04,substitute,no,no,,,0
UPL,2025/26,EXPRESS-vs-UPDF,1,EXPRESS,home,29,ISA GLORY KISUULE,058018M05,substitute,no,no,87,,3
UPL,2025/26,EXPRESS-vs-UPDF,1,EXPRESS,home,30,Elvis Ssekajjugo,063477M06,substitute,no,no,87,,3
UPL,2025/26,EXPRESS-vs-UPDF,1,UPDF,away,5,Denis Sekitoleko,000763M87,substitute,no,no,,,0
UPL,2025/26,EXPRESS-vs-UPDF,1,UPDF,away,7,Rashid Faridi,009798M96,substitute,no,no,52,,38
UPL,2025/26,EXPRESS-vs-UPDF,1,UPDF,away,9,Kitara Daniel,006220M97,substitute,no,no,87,,3
UPL,2025/26,EXPRESS-vs-UPDF,1,UPDF,away,16,Aggrey Kiirya,000260M97,substitute,no,no,,,0
UPL,2025/26,EXPRESS-vs-UPDF,1,UPDF,away,18,IBRAHIM MAKUMBI,009788M97,substitute,no,no,66,,24
UPL,2025/26,EXPRESS-vs-UPDF,1,UPDF,away,26,Enrique Lubwama,036011M06,substitute,no,no,87,,3
UPL,2025/26,EXPRESS-vs-UPDF,1,UPDF,away,27,Shamulan Kamya,026590M04,substitute,no,no,,,0
UPL,2025/26,EXPRESS-vs-UPDF,1,UPDF,away,28,Abbas Luuty Nsubuga,057832M03,substitute,no,no,,,0
UPL,2025/26,EXPRESS-vs-UPDF,1,UPDF,away,30,Asaph Ssegujja,006418M01,substitute,no,no,66,,24
UPL,2025/26,BUL-vs-MAROONS,2,BUL,home,23,TOM IKARA,065955M97,starting,no,yes,0,,90
UPL,2025/26,BUL-vs-MAROONS,2,BUL,home,16,Pascal Ngobi,002654M94,starting,yes,no,0,,90
UPL,2025/26,BUL-vs-MAROONS,2,BUL,home,02,Hillary Onek,001574M01,starting,no,no,0,,90
UPL,2025/26,BUL-vs-MAROONS,2,BUL,home,05,Bakali Magumda,008892M96,starting,no,no,0,,90
UPL,2025/26,BUL-vs-MAROONS,2,BUL,home,10,Ibrahim Mugulusi,000773M99,starting,no,no,0,90,90
UPL,2025/26,BUL-vs-MAROONS,2,BUL,home,11,Isaac Wagoina,005568M00,starting,no,no,0,65,65
UPL,2025/26,BUL-vs-MAROONS,2,BUL,home,14,Jeromy Kirya,002167M97,starting,no,no,0,,90
UPL,2025/26,BUL-vs-MAROONS,2,BUL,home,17,Tah Barni Kelvin,024730M99,starting,no,no,0,,90
UPL,2025/26,BUL-vs-MAROONS,2,BUL,home,20,Abdul Karim Ndugwa,062821M97,starting,no,no,0,65,65
UPL,2025/26,BUL-vs-MAROONS,2,BUL,home,24,Martin Aprem,006304M00,starting,no,no,0,78,78
UPL,2025/26,BUL-vs-MAROONS,2,BUL,home,25,Denis Ssewagudde,048868M06,starting,no,no,0,78,78
UPL,2025/26,BUL-vs-MAROONS,2,MAROONS,away,18,Matovu Hassan Muyomba,008708M98,starting,no,yes,0,,90
UPL,2025/26,BUL-vs-MAROONS,2,MAROONS,away,2,Edward Kabona,002232M94,starting,yes,no,0,,90
UPL,2025/26,BUL-vs-MAROONS,2,MAROONS,away,5,Norman Borniface Odipio,001091M01,starting,no,no,0,69,69
UPL,2025/26,BUL-vs-MAROONS,2,MAROONS,away,7,Mujahid Ogama,000627M98,starting,no,no,0,,90
UPL,2025/26,BUL-vs-MAROONS,2,MAROONS,away,10,Ivan Mayanja,052610M04,starting,no,no,0,46,46
UPL,2025/26,BUL-vs-MAROONS,2,MAROONS,away,15,Borris Onegi,018419M97,starting,no,no,0,,90
UPL,2025/26,BUL-vs-MAROONS,2,MAROONS,away,16,Rogers Kiwanuka,003306M01,starting,no,no,0,78,78
UPL,2025/26,BUL-vs-MAROONS,2,MAROONS,away,20,Abel Michael Eturude,000572M97,starting,no,no,0,46,46
UPL,2025/26,BUL-vs-MAROONS,2,MAROONS,away,22,Deni Rukundo,009318M96,starting,no,no,0,,90
UPL,2025/26,BUL-vs-MAROONS,2,MAROONS,away,23,Derick Basoga,002160M96,starting,no,no,0,,90
UPL,2025/26,BUL-vs-MAROONS,2,MAROONS,away,29,JAMAL SSEMWOGERERE,043270M06,starting,no,no,0,,90
UPL,2025/26,BUL-vs-MAROONS,2,BUL,home,01,Yawe Farouk Sebanjja,002513M99,substitute,no,no,,,0
UPL,2025/26,BUL-vs-MAROONS,2,BUL,home,3,Nicholas Mwere,020667M01,substitute,no,no,65,,25
UPL,2025/26,BUL-vs-MAROONS,2,BUL,home,06,George Kasonko,000241M96,substitute,no,no,90,,0
UPL,2025/26,BUL-vs-MAROONS,2,BUL,home,08,Ibrahim Orit,000632M98,substitute,no,no,78,,12
UPL,2025/26,BUL-vs-MAROONS,2,BUL,home,09,Seiri Arigumaho,024705M01,substitute,no,no,65,,25
UPL,2025/26,BUL-vs-MAROONS,2,BUL,home,12,ISAAC SSENYUNJA,027464M98,substitute,no,no,,,0
UPL,2025/26,BUL-vs-MAROONS,2,BUL,home,18,ALEX KITATA,065956M92,substitute,no,no,,,0
UPL,2025/26,BUL-vs-MAROONS,2,BUL,home,21,Fredrick Ngalo,000957M96,substitute,no,no,,,0
UPL,2025/26,BUL-vs-MAROONS,2,BUL,home,22,Reagan Kalyowa,006303M01,substitute,no,no,,,0
UPL,2025/26,BUL-vs-MAROONS,2,BUL,home,28,LWENDA SOWEDI,038683M06,substitute,no,no,,,0
UPL,2025/26,BUL-vs-MAROONS,2,BUL,home,30,Simon Achidi,045395M05,substitute,no,no,78,,12
UPL,2025/26,BUL-vs-MAROONS,2,MAROONS,away,3,Fredrick Nickolas Kigozi,002204M95,substitute,no,no,,,0
UPL,2025/26,BUL-vs-MAROONS,2,MAROONS,away,4,Apollo Kagogwe,006244M03,substitute,no,no,,,0
UPL,2025/26,BUL-vs-MAROONS,2,MAROONS,away,6,Felix Okot,000455M96,substitute,no,no,,,0
UPL,2025/26,BUL-vs-MAROONS,2,MAROONS,away,8,Ronald Orombi,000636M93,substitute,no,no,,,0
UPL,2025/26,BUL-vs-MAROONS,2,MAROONS,away,9,Dickson Niwamanya,002028M94,substitute,no,no,46,,44
UPL,2025/26,BUL-vs-MAROONS,2,MAROONS,away,12,Jackson Nunda,001358M91,substitute,no,no,46,,44
UPL,2025/26,BUL-vs-MAROONS,2,MAROONS,away,13,Emmanuel Obua,004874M00,substitute,no,no,78,,12
UPL,2025/26,BUL-vs-MAROONS,2,MAROONS,away,19,Brian Nkuubi,000463M93,substitute,no,no,69,,21
UPL,2025/26,BUL-vs-MAROONS,2,MAROONS,away,21,Godwin Daniel Kitagenda,000648M93,substitute,no,no,,,0
UPL,2025/26,BUL-vs-MAROONS,2,MAROONS,away,24,Simon Tamale,000517M94,substitute,no,no,,,0
UPL,2025/26,BUL-vs-MAROONS,2,MAROONS,away,25,Ivan Asaba,001723M03,substitute,no,no,,,0
UPL,2025/26,POLICE-vs-EXPRESS,2,POLICE,home,25,Mathias Muwanga,000391M97,starting,no,yes,0,,90
UPL,2025/26,POLICE-vs-EXPRESS,2,POLICE,home,16,Saidi Kyeyune,000664M93,starting,yes,no,0,83,83
UPL,2025/26,POLICE-vs-EXPRESS,2,POLICE,home,3,Richard Matovu,001863M98,starting,no,no,0,,90
UPL,2025/26,POLICE-vs-EXPRESS,2,POLICE,home,4,Benon Tahomera,004483M96,starting,no,no,0,,90
UPL,2025/26,POLICE-vs-EXPRESS,2,POLICE,home,6,Daniel Jakony,022744M00,starting,no,no,0,,90
UPL,2025/26,POLICE-vs-EXPRESS,2,POLICE,home,9,Umaru Kasumba,063887M94,starting,no,no,0,56,56
UPL,2025/26,POLICE-vs-EXPRESS,2,POLICE,home,11,Lawrence Tezikya,017848M98,starting,no,no,0,,90
UPL,2025/26,POLICE-vs-EXPRESS,2,POLICE,home,19,Brian James Obedi,023009M00,starting,no,no,0,56,56
UPL,2025/26,POLICE-vs-EXPRESS,2,POLICE,home,21,Sizwe Mario Gwebu,065939M03,starting,no,no,0,78,78
UPL,2025/26,POLICE-vs-EXPRESS,2,POLICE,home,28,Abudshakur Ramsey Jemba,010972M05,starting,no,no,0,78,78
UPL,2025/26,POLICE-vs-EXPRESS,2,POLICE,home,30,Stephen Namaisi,022529M05,starting,no,no,0,,90
UPL,2025/26,POLICE-vs-EXPRESS,2,EXPRESS,away,12,Ramadhan Ali Mwirusi,006444M99,starting,no,yes,0,,90
UPL,2025/26,POLICE-vs-EXPRESS,2,EXPRESS,away,13,Ashraf Mbazira,002676M98,starting,yes,no,0,,90
UPL,2025/26,POLICE-vs-EXPRESS,2,EXPRESS,away,2,Peter Onzima,000956M94,starting,no,no,0,,90
UPL,2025/26,POLICE-vs-EXPRESS,2,EXPRESS,away,3,HAKIM WANDERA,033032M07,starting,no,no,0,46,46
UPL,2025/26,POLICE-vs-EXPRESS,2,EXPRESS,away,5,Richard Basangwa,021294M01,starting,no,no,0,79,79
UPL,2025/26,POLICE-vs-EXPRESS,2,EXPRESS,away,8,Muhamed Kagawa Ssenoga,021073M01,starting,no,no,0,,90
UPL,2025/26,POLICE-vs-EXPRESS,2,EXPRESS,away,11,Abdulahi Rashid,001920M00,starting,no,no,0,85,85
UPL,2025/26,POLICE-vs-EXPRESS,2,EXPRESS,away,19,RWOTNGEYO DOUGLAS HANNCIENT,065936M03,starting,no,no,0,,90
UPL,2025/26,POLICE-vs-EXPRESS,2,EXPRESS,away,25,John Asiimwe,042882M08,starting,no,no,0,46,46
UPL,2025/26,POLICE-vs-EXPRESS,2,EXPRESS,away,26,KHASIM MUSTAPHA,035993M06,starting,no,no,0,,90
UPL,2025/26,POLICE-vs-EXPRESS,2,EXPRESS,away,28,Lawrence Muwonge Bukenya,056374M04,starting,no,no,0,,90
UPL,2025/26,POLICE-vs-EXPRESS,2,POLICE,home,8,Ivan Eyamu,001898M01,substitute,no,no,,,0
UPL,2025/26,POLICE-vs-EXPRESS,2,POLICE,home,10,Dennis Kalanzi,055884M06,substitute,no,no,56,,34
UPL,2025/26,POLICE-vs-EXPRESS,2,POLICE,home,15,Bedia Djuma Ikamba,065938M04,substitute,no,no,56,,34
UPL,2025/26,POLICE-vs-EXPRESS,2,POLICE,home,17,Charles Bbaale,008955M94,substitute,no,no,78,,12
UPL,2025/26,POLICE-vs-EXPRESS,2,POLICE,home,20,Deus Bukenya,024723M95,substitute,no,no,,,0
UPL,2025/26,POLICE-vs-EXPRESS,2,POLICE,home,22,Tonny Kiwalazi,006255M00,substitute,no,no,,,0
UPL,2025/26,POLICE-vs-EXPRESS,2,POLICE,home,24,Edward Kasibante,001902M98,substitute,no,no,,,0
UPL,2025/26,POLICE-vs-EXPRESS,2,POLICE,home,26,Rayn Figo Kizito,032556M05,substitute,no,no,78,,12
UPL,2025/26,POLICE-vs-EXPRESS,2,POLICE,home,27,Emmanuel Mugume,015168M03,substitute,no,no,83,,7
UPL,2025/26,POLICE-vs-EXPRESS,2,EXPRESS,away,,OLOYA MOSES,063678M92,substitute,no,no,,,0
UPL,2025/26,POLICE-vs-EXPRESS,2,EXPRESS,away,4,ALLI ISMAEL,065960M08,substitute,no,no,,,0
UPL,2025/26,POLICE-vs-EXPRESS,2,EXPRESS,away,6,Faizo Kyazze,012661M03,substitute,no,no,,,0
UPL,2025/26,POLICE-vs-EXPRESS,2,EXPRESS,away,9,Habert Asiimwe,015651M97,substitute,no,no,79,,11
UPL,2025/26,POLICE-vs-EXPRESS,2,EXPRESS,away,17,Mikidadi Ssenyonga,009184M97,substitute,no,no,46,,44
UPL,2025/26,POLICE-vs-EXPRESS,2,EXPRESS,away,21,Henry Wamala,006082M96,substitute,no,no,85,,5
UPL,2025/26,POLICE-vs-EXPRESS,2,EXPRESS,away,22,Yosia Kisa,033521M01,substitute,no,no,46,,44
UPL,2025/26,POLICE-vs-EXPRESS,2,EXPRESS,away,27,Khassim Hafizi,010898M04,substitute,no,no,,,0
UPL,2025/26,POLICE-vs-EXPRESS,2,EXPRESS,away,29,ISA GLORY KISUULE,058018M05,substitute,no,no,,,0
UPL,2025/26,URA-vs-NEC,2,URA,home,16,Chrispas Kusiima,002270M98,starting,no,yes,0,,90
UPL,2025/26,URA-vs-NEC,2,URA,home,7,Moses Okabo Aliro,008911M96,starting,yes,no,0,,90
UPL,2025/26,URA-vs-NEC,2,URA,home,2,James Penz Begisa,006994M02,starting,no,no,0,90,90
UPL,2025/26,URA-vs-NEC,2,URA,home,5,Ronald Otti,003798M94,starting,no,no,0,,90
UPL,2025/26,URA-vs-NEC,2,URA,home,10,Laban Tibiita,001470M02,starting,no,no,0,,90
UPL,2025/26,URA-vs-NEC,2,URA,home,12,Nelson Senkatuka,000614M97,starting,no,no,0,75,75
UPL,2025/26,URA-vs-NEC,2,URA,home,13,Faizo Matovu,006969M97,starting,no,no,0,,90
UPL,2025/26,URA-vs-NEC,2,URA,home,14,George Masembe,045544M05,starting,no,no,0,,90
UPL,2025/26,URA-vs-NEC,2,URA,home,20,Ibrahim Wamannah,001134M97,starting,no,no,0,,90
UPL,2025/26,URA-vs-NEC,2,URA,home,28,Denis Luzige Kisiriko,032842M06,starting,no,no,0,90,90
UPL,2025/26,URA-vs-NEC,2,URA,home,30,Godfrey Sekibengo,043871M06,starting,no,no,0,87,87
UPL,2025/26,URA-vs-NEC,2,NEC,away,19,Hannington Sebwalunyo,000335M89,starting,no,yes,0,,90
UPL,2025/26,URA-vs-NEC,2,NEC,away,6,Ibrahim Kiyemba,000537M95,starting,yes,no,0,,90
UPL,2025/26,URA-vs-NEC,2,NEC,away,,Mustafa Kizza,001756M99,starting,no,no,0,,90
UPL,2025/26,URA-vs-NEC,2,NEC,away,,Geriga Atendele,005528M95,starting,no,no,0,,90
UPL,2025/26,URA-vs-NEC,2,NEC,away,,CHARLES MOSES WAIBI,032004M02,starting,no,no,0,75,75
UPL,2025/26,URA-vs-NEC,2,NEC,away,2,Jacob Okao,001901M01,starting,no,no,0,,90
UPL,2025/26,URA-vs-NEC,2,NEC,away,13,Shamiru Kimwero,055885M06,starting,no,no,0,,90
UPL,2025/26,URA-vs-NEC,2,NEC,away,15,Joseph Seremba,025443M04,starting,no,no,0,,90
UPL,2025/26,URA-vs-NEC,2,NEC,away,16,Ibrahim Musa,041109M03,starting,no,no,0,,90
UPL,2025/26,URA-vs-NEC,2,NEC,away,20,Dhata Joseph Stephen Lujang,021295M02,starting,no,no,0,75,75
UPL,2025/26,URA-vs-NEC,2,NEC,away,29,Ronald Media Innocent,009322M01,starting,no,no,0,,90
UPL,2025/26,URA-vs-NEC,2,URA,home,3,Hudu Mulikyi,000397M95,substitute,no,no,90,,0
UPL,2025/26,URA-vs-NEC,2,URA,home,4,Norman Namanya,001766M00,substitute,no,no,87,,3
UPL,2025/26,URA-vs-NEC,2,URA,home,8,Nicholas Kabonge,002860M98,substitute,no,no,90,,0
UPL,2025/26,URA-vs-NEC,2,URA,home,9,Joseph Ssemujju,001464M97,substitute,no,no,75,,15
UPL,2025/26,URA-vs-NEC,2,URA,home,11,Living Kabon,000206M97,substitute,no,no,,,0
UPL,2025/26,URA-vs-NEC,2,URA,home,15,Joshua Letti Lubwama,001360M95,substitute,no,no,,,0
UPL,2025/26,URA-vs-NEC,2,URA,home,24,Muhamad Ssekkeba,000658M95,substitute,no,no,,,0
UPL,2025/26,URA-vs-NEC,2,URA,home,26,JOHN INNOCENT KISOLO,043298M06,substitute,no,no,,,0
UPL,2025/26,URA-vs-NEC,2,URA,home,27,Justine Opiro,008877M03,substitute,no,no,,,0
UPL,2025/26,URA-vs-NEC,2,NEC,away,,Benjamin Ochan,024667M89,substitute,no,no,,,0
UPL,2025/26,URA-vs-NEC,2,NEC,away,1,Samson Kiirya,000563M95,substitute,no,no,,,0
UPL,2025/26,URA-vs-NEC,2,NEC,away,7,Emmanuel Ajo,033093M00,substitute,no,no,,,0
UPL,2025/26,URA-vs-NEC,2,NEC,away,8,Marvin Kavuma,019159M95,substitute,no,no,,,0
UPL,2025/26,URA-vs-NEC,2,NEC,away,14,Paul Mucureezi,000375M93,substitute,no,no,75,,15
UPL,2025/26,URA-vs-NEC,2,NEC,away,17,Gideon Odongo,013429M99,substitute,no,no,,,0
UPL,2025/26,URA-vs-NEC,2,NEC,away,18,Muzamiru Mutyaba,000542M93,substitute,no,no,,,0
UPL,2025/26,URA-vs-NEC,2,NEC,away,23,Patrick Bayiga,003236M93,substitute,no,no,,,0
UPL,2025/26,URA-vs-NEC,2,NEC,away,26,Jackson Ssembatya,065371M05,substitute,no,no,,,0
UPL,2025/26,URA-vs-NEC,2,NEC,away,27,James Jarieko,008348M03,substitute,no,no,75,,15
UPL,2025/26,URA-vs-NEC,2,NEC,away,30,Hudson Mbalire,057901M05,substitute,no,no,,,0
UPL,2025/26,BUHIMBA-vs-CALVARY,2,BUHIMBA,home,1,Jamil Kiyimba,001057M98,starting,no,yes,0,,90
UPL,2025/26,BUHIMBA-vs-CALVARY,2,BUHIMBA,home,18,Maxwell Owachgiu,001052M97,starting,yes,no,0,,90
UPL,2025/26,BUHIMBA-vs-CALVARY,2,BUHIMBA,home,02,David Kasaija,008615M02,starting,no,no,0,,90
UPL,2025/26,BUHIMBA-vs-CALVARY,2,BUHIMBA,home,3,NKATA FRED,065708M93,starting,no,no,0,,90
UPL,2025/26,BUHIMBA-vs-CALVARY,2,BUHIMBA,home,5,Dudu Ramadhan,001615M93,starting,no,no,0,,90
UPL,2025/26,BUHIMBA-vs-CALVARY,2,BUHIMBA,home,8,Erick Muber,032079M02,starting,no,no,0,,90
UPL,2025/26,BUHIMBA-vs-CALVARY,2,BUHIMBA,home,11,John Wesley kisaakye,006087M96,starting,no,no,0,69,69
UPL,2025/26,BUHIMBA-vs-CALVARY,2,BUHIMBA,home,14,Solomon Akodi,003594M01,starting,no,no,0,,90
UPL,2025/26,BUHIMBA-vs-CALVARY,2,BUHIMBA,home,21,Edson Agondeze,008499M00,starting,no,no,0,90,90
UPL,2025/26,BUHIMBA-vs-CALVARY,2,BUHIMBA,home,25,Anwaru Mustafa Ntege,002236M94,starting,no,no,0,69,69
UPL,2025/26,BUHIMBA-vs-CALVARY,2,BUHIMBA,home,26,Swadik Moro,044784M03,starting,no,no,0,78,78
UPL,2025/26,BUHIMBA-vs-CALVARY,2,CALVARY,away,24,Emmanuel Derrick Were,000315M96,starting,no,yes,0,,90
UPL,2025/26,BUHIMBA-vs-CALVARY,2,CALVARY,away,8,Christopher Agotre,005690M98,starting,yes,no,0,60,60
UPL,2025/26,BUHIMBA-vs-CALVARY,2,CALVARY,away,3,Julius Ocen,002798M95,starting,no,no,0,46,46
UPL,2025/26,BUHIMBA-vs-CALVARY,2,CALVARY,away,4,Bashir Asiku,005705M00,starting,no,no,0,46,46
UPL,2025/26,BUHIMBA-vs-CALVARY,2,CALVARY,away,10,Simon Peter Odeke,000823M96,starting,no,no,0,60,60
UPL,2025/26,BUHIMBA-vs-CALVARY,2,CALVARY,away,15,Stephen Oriokot,000835M97,starting,no,no,0,,90
UPL,2025/26,BUHIMBA-vs-CALVARY,2,CALVARY,away,17,Haron Odongo,000740M00,starting,no,no,0,,90
UPL,2025/26,BUHIMBA-vs-CALVARY,2,CALVARY,away,20,Steven Nyalimo,027792M95,starting,no,no,0,,90
UPL,2025/26,BUHIMBA-vs-CALVARY,2,CALVARY,away,21,Daniel Opio,006881M97,starting,no,no,0,,90
UPL,2025/26,BUHIMBA-vs-CALVARY,2,CALVARY,away,23,Marvin Praise Wambuga,024641M01,starting,no,no,0,,90
UPL,2025/26,BUHIMBA-vs-CALVARY,2,CALVARY,away,30,Junior Emmanuel Ojok,033958M06,starting,no,no,0,70,70
UPL,2025/26,BUHIMBA-vs-CALVARY,2,BUHIMBA,home,7,Hussein Mwanje,024625M97,substitute,no,no,,,0
UPL,2025/26,BUHIMBA-vs-CALVARY,2,BUHIMBA,home,9,sheif Batte,000580M92,substitute,no,no,,,0
UPL,2025/26,BUHIMBA-vs-CALVARY,2,BUHIMBA,home,10,Shafic Kiryowa,007345M99,substitute,no,no,69,,21
UPL,2025/26,BUHIMBA-vs-CALVARY,2,BUHIMBA,home,12,Charles Kyomuhendo,009379M97,substitute,no,no,,,0
UPL,2025/26,BUHIMBA-vs-CALVARY,2,BUHIMBA,home,13,Eric Washington Nyonyintono,024653M00,substitute,no,no,,,0
UPL,2025/26,BUHIMBA-vs-CALVARY,2,BUHIMBA,home,19,Derick Byabacwezi,026897M01,substitute,no,no,69,,21
UPL,2025/26,BUHIMBA-vs-CALVARY,2,BUHIMBA,home,23,Mpuna Emmanuel Biseki,065950M97,substitute,no,no,90,,0
UPL,2025/26,BUHIMBA-vs-CALVARY,2,BUHIMBA,home,28,Moses Ayebale,033075M05,substitute,no,no,,,0
UPL,2025/26,BUHIMBA-vs-CALVARY,2,BUHIMBA,home,29,LUCAS MOLA,056450M05,substitute,no,no,,,0
UPL,2025/26,BUHIMBA-vs-CALVARY,2,BUHIMBA,home,30,John Bosco Sempijja,025115M04,substitute,no,no,78,,12
UPL,2025/26,BUHIMBA-vs-CALVARY,2,CALVARY,away,01,Fauzu Tatiga,008167M00,substitute,no,no,,,0
UPL,2025/26,BUHIMBA-vs-CALVARY,2,CALVARY,away,11,James Ssemambo,000846M98,substitute,no,no,60,,30
UPL,2025/26,BUHIMBA-vs-CALVARY,2,CALVARY,away,12,Tusaba Najib Gwaidho,003727M95,substitute,no,no,,,0
UPL,2025/26,BUHIMBA-vs-CALVARY,2,CALVARY,away,16,Eric Otingcwinyu,003659M97,substitute,no,no,,,0
UPL,2025/26,BUHIMBA-vs-CALVARY,2,CALVARY,away,19,Saidi Sukuru,025621M00,substitute,no,no,60,,30
UPL,2025/26,BUHIMBA-vs-CALVARY,2,CALVARY,away,22,Hadji Shukuru,032060M02,substitute,no,no,,,0
UPL,2025/26,BUHIMBA-vs-CALVARY,2,CALVARY,away,25,Mubaraka Mitala,058076M06,substitute,no,no,70,,20
UPL,2025/26,BUHIMBA-vs-CALVARY,2,CALVARY,away,28,Allan Kiggundu,001111M04,substitute,no,no,46,,44
UPL,2025/26,BUHIMBA-vs-CALVARY,2,CALVARY,away,29,ANDREW KIWANUKA,064234M05,substitute,no,no,46,,44
UPL,2025/26,MBARARA-vs-UPDF,2,MBARARA,home,18,Emuran Fahad,020210M01,starting,no,yes,0,,90
UPL,2025/26,MBARARA-vs-UPDF,2,MBARARA,home,5,Ibrahim Thembo,002051M99,starting,yes,no,0,,90
UPL,2025/26,MBARARA-vs-UPDF,2,MBARARA,home,3,Innocent Wafula Esimu,008629M96,starting,no,no,0,,90
UPL,2025/26,MBARARA-vs-UPDF,2,MBARARA,home,8,Ian Amanya,003379M96,starting,no,no,0,75,75
UPL,2025/26,MBARARA-vs-UPDF,2,MBARARA,home,9,Henry Kitegenyi,055878M04,starting,no,no,0,,90
UPL,2025/26,MBARARA-vs-UPDF,2,MBARARA,home,11,Mike Walaga,006072M93,starting,no,no,0,75,75
UPL,2025/26,MBARARA-vs-UPDF,2,MBARARA,home,15,Reagan Matege,027324M98,starting,no,no,0,,90
UPL,2025/26,MBARARA-vs-UPDF,2,MBARARA,home,16,Ambrose Arinda,057902M06,starting,no,no,0,60,60
UPL,2025/26,MBARARA-vs-UPDF,2,MBARARA,home,20,Gadaffi Kacancu,001771M92,starting,no,no,0,60,60
UPL,2025/26,MBARARA-vs-UPDF,2,MBARARA,home,22,Denis Kaka Omony,001160M00,starting,no,no,0,80,80
UPL,2025/26,MBARARA-vs-UPDF,2,MBARARA,home,24,Sulaiman Ssesaazi,002522M96,starting,no,no,0,,90
UPL,2025/26,MBARARA-vs-UPDF,2,UPDF,away,01,Abdul Kimera,001836M95,starting,no,yes,0,,90
UPL,2025/26,MBARARA-vs-UPDF,2,UPDF,away,4,Bernard Muwanga,000569M93,starting,yes,no,0,,90
UPL,2025/26,MBARARA-vs-UPDF,2,UPDF,away,6,Edward Satulo,002359M00,starting,no,no,0,,90
UPL,2025/26,MBARARA-vs-UPDF,2,UPDF,away,7,Rashid Faridi,009798M96,starting,no,no,0,85,85
UPL,2025/26,MBARARA-vs-UPDF,2,UPDF,away,8,Joseph Janjali,001385M96,starting,no,no,0,,90
UPL,2025/26,MBARARA-vs-UPDF,2,UPDF,away,11,Samson Andrew Kigozi,000319M95,starting,no,no,0,85,85
UPL,2025/26,MBARARA-vs-UPDF,2,UPDF,away,12,Ronald Kayondo,007049M98,starting,no,no,0,,90
UPL,2025/26,MBARARA-vs-UPDF,2,UPDF,away,15,Swaibu Kasujja Kalule,010608M96,starting,no,no,0,,90
UPL,2025/26,MBARARA-vs-UPDF,2,UPDF,away,17,Christopher Kamagu,002162M98,starting,no,no,0,,90
UPL,2025/26,MBARARA-vs-UPDF,2,UPDF,away,22,FRANK GLADISON MUGISA,019194M98,starting,no,no,0,,90
UPL,2025/26,MBARARA-vs-UPDF,2,UPDF,away,23,Samuel Kayongo Ssekamatte,001757M93,starting,no,no,0,,90
UPL,2025/26,MBARARA-vs-UPDF,2,MBARARA,home,01,Aaron Icumar,025112M99,substitute,no,no,,,0
UPL,2025/26,MBARARA-vs-UPDF,2,MBARARA,home,6,Francis Odongo,009525M97,substitute,no,no,,,0
UPL,2025/26,MBARARA-vs-UPDF,2,MBARARA,home,7,Ronald Edwok,000827M97,substitute,no,no,75,,15
UPL,2025/26,MBARARA-vs-UPDF,2,MBARARA,home,10,Clinton Davico Kamugisha,001602M99,substitute,no,no,80,,10
UPL,2025/26,MBARARA-vs-UPDF,2,MBARARA,home,12,Sadat Nsubuga,002895M97,substitute,no,no,75,,15
UPL,2025/26,MBARARA-vs-UPDF,2,MBARARA,home,13,Hamza Mulambuzi,017847M01,substitute,no,no,,,0
UPL,2025/26,MBARARA-vs-UPDF,2,MBARARA,home,14,Latif Ssenkubuge,027525M00,substitute,no,no,,,0
UPL,2025/26,MBARARA-vs-UPDF,2,MBARARA,home,17,Nasur Almahad Sadik,015036M01,substitute,no,no,60,,30
UPL,2025/26,MBARARA-vs-UPDF,2,MBARARA,home,19,Gabriel Eragu,002769M93,substitute,no,no,,,0
UPL,2025/26,MBARARA-vs-UPDF,2,MBARARA,home,23,Wycliffe Ahumuza,044786M02,substitute,no,no,,,0
UPL,2025/26,MBARARA-vs-UPDF,2,MBARARA,home,26,Muhammed Kanyike,042577M03,substitute,no,no,,,0
UPL,2025/26,MBARARA-vs-UPDF,2,MBARARA,home,30,Thomas Kakaire,001734M03,substitute,no,no,60,,30
UPL,2025/26,MBARARA-vs-UPDF,2,UPDF,away,5,Denis Sekitoleko,000763M87,substitute,no,no,,,0
UPL,2025/26,MBARARA-vs-UPDF,2,UPDF,away,9,Kitara Daniel,006220M97,substitute,no,no,,,0
UPL,2025/26,MBARARA-vs-UPDF,2,UPDF,away,16,Aggrey Kiirya,000260M97,substitute,no,no,85,,5
UPL,2025/26,MBARARA-vs-UPDF,2,UPDF,away,18,IBRAHIM MAKUMBI,009788M97,substitute,no,no,,,0
UPL,2025/26,MBARARA-vs-UPDF,2,UPDF,away,21,Emmanuel Manu Ochen,004763M97,substitute,no,no,85,,5
UPL,2025/26,MBARARA-vs-UPDF,2,UPDF,away,26,Enrique Lubwama,036011M06,substitute,no,no,,,0
UPL,2025/26,MBARARA-vs-UPDF,2,UPDF,away,27,Shamulan Kamya,026590M04,substitute,no,no,,,0
UPL,2025/26,MBARARA-vs-UPDF,2,UPDF,away,28,Abbas Luuty Nsubuga,057832M03,substitute,no,no,,,0
UPL,2025/26,MBARARA-vs-UPDF,2,UPDF,away,30,Asaph Ssegujja,006418M01,substitute,no,no,,,0
UPL,2025/26,KCCA-vs-VILLA,2,KCCA,home,12,Charles Lukwago,000622M94,starting,yes,yes,0,,90
UPL,2025/26,KCCA-vs-VILLA,2,KCCA,home,2,Herbert Achayi,006277M99,starting,no,no,0,,90
UPL,2025/26,KCCA-vs-VILLA,2,KCCA,home,3,Hassan Muhamud,003074M96,starting,no,no,0,,90
UPL,2025/26,KCCA-vs-VILLA,2,KCCA,home,4,Saidi Mayanja,001033M99,starting,no,no,0,90,90
UPL,2025/26,KCCA-vs-VILLA,2,KCCA,home,6,Sammy Raynald Ssebaduka,028682M02,starting,no,no,0,,90
UPL,2025/26,KCCA-vs-VILLA,2,KCCA,home,11,Ivan Ahimbisibwe,002011M95,starting,no,no,0,84,84
UPL,2025/26,KCCA-vs-VILLA,2,KCCA,home,15,Enock Walusimbi,001697M98,starting,no,no,0,67,67
UPL,2025/26,KCCA-vs-VILLA,2,KCCA,home,16,Fillbert Obenchan,000649M96,starting,no,no,0,,90
UPL,2025/26,KCCA-vs-VILLA,2,KCCA,home,17,Ashraf Mugume,001580M98,starting,no,no,0,67,67
UPL,2025/26,KCCA-vs-VILLA,2,KCCA,home,19,Shafik Nana Kwikiriza,040861M04,starting,no,no,0,84,84
UPL,2025/26,KCCA-vs-VILLA,2,KCCA,home,22,Joel Sserunjogi,005883M04,starting,no,no,0,,90
UPL,2025/26,KCCA-vs-VILLA,2,Villa,away,23,David Lukwago,031565M02,starting,no,yes,0,,90
UPL,2025/26,KCCA-vs-VILLA,2,Villa,away,15,David Owori,000506M98,starting,yes,no,0,,90
UPL,2025/26,KCCA-vs-VILLA,2,Villa,away,4,Geoffrey Lubanga Kene,000824M96,starting,no,no,0,90,90
UPL,2025/26,KCCA-vs-VILLA,2,Villa,away,6,Simon Kato Ssemayange,010603M97,starting,no,no,0,,90
UPL,2025/26,KCCA-vs-VILLA,2,Villa,away,12,Ibrahim Kasinde,062054M03,starting,no,no,0,80,80
UPL,2025/26,KCCA-vs-VILLA,2,Villa,away,14,Charles Lwanga,008672M00,starting,no,no,0,60,60
UPL,2025/26,KCCA-vs-VILLA,2,Villa,away,17,Najib Yiga,006318M02,starting,no,no,0,,90
UPL,2025/26,KCCA-vs-VILLA,2,Villa,away,19,Missi Diego Semugera,002791M95,starting,no,no,0,,90
UPL,2025/26,KCCA-vs-VILLA,2,Villa,away,22,Aslam Ssemakula,031580M99,starting,no,no,0,80,80
UPL,2025/26,KCCA-vs-VILLA,2,Villa,away,26,Hassan Mubiru,031869M04,starting,no,no,0,60,60
UPL,2025/26,KCCA-vs-VILLA,2,Villa,away,27,Raymon Barasa Mangoli,039141M07,starting,no,no,0,,90
UPL,2025/26,KCCA-vs-VILLA,2,KCCA,home,01,Mutwalibi Mugolofa,001733M00,substitute,no,no,,,0
UPL,2025/26,KCCA-vs-VILLA,2,KCCA,home,5,Sharifu Ssengendo,055880M05,substitute,no,no,67,,23
UPL,2025/26,KCCA-vs-VILLA,2,KCCA,home,8,Alpha Thierry Ssali,006081M03,substitute,no,no,,,0
UPL,2025/26,KCCA-vs-VILLA,2,KCCA,home,13,Peter Magambo,001755M99,substitute,no,no,90,,0
UPL,2025/26,KCCA-vs-VILLA,2,KCCA,home,18,Umar Lutalo,024772M03,substitute,no,no,84,,6
UPL,2025/26,KCCA-vs-VILLA,2,KCCA,home,20,Emmanuel Anyama,012569M98,substitute,no,no,84,,6
UPL,2025/26,KCCA-vs-VILLA,2,KCCA,home,21,Gavin Mugweri Kizito,006315M02,substitute,no,no,,,0
UPL,2025/26,KCCA-vs-VILLA,2,KCCA,home,24,Emojong Anthony Okimaru,001193M01,substitute,no,no,,,0
UPL,2025/26,KCCA-vs-VILLA,2,KCCA,home,26,James Mubezi,025433M04,substitute,no,no,,,0
UPL,2025/26,KCCA-vs-VILLA,2,KCCA,home,29,Haruna Lukwago,021673M04,substitute,no,no,,,0
UPL,2025/26,KCCA-vs-VILLA,2,KCCA,home,30,Alex Yiga,033201M06,substitute,no,no,67,,23
UPL,2025/26,KCCA-vs-VILLA,2,KCCA,home,45,STEVEN JAMES OYIRWOTH,033211M07,substitute,no,no,,,0
UPL,2025/26,KCCA-vs-VILLA,2,Villa,away,1,Norman Angufindru,008015M94,substitute,no,no,,,0
UPL,2025/26,KCCA-vs-VILLA,2,Villa,away,3,Frank Mulimi,021650M00,substitute,no,no,,,0
UPL,2025/26,KCCA-vs-VILLA,2,Villa,away,5,Reagan Mpande,001189M00,substitute,no,no,60,,30
UPL,2025/26,KCCA-vs-VILLA,2,Villa,away,7,Sula Matovu,001611M92,substitute,no,no,,,0
UPL,2025/26,KCCA-vs-VILLA,2,Villa,away,8,Elivis Ngonde,005096M02,substitute,no,no,80,,10
UPL,2025/26,KCCA-vs-VILLA,2,Villa,away,9,Frank Ssebufu,000408M02,substitute,no,no,60,,30
UPL,2025/26,KCCA-vs-VILLA,2,Villa,away,10,Patrick Jonah Kakande,031591M03,substitute,no,no,80,,10
UPL,2025/26,KCCA-vs-VILLA,2,Villa,away,13,Ali Arshavin Bayo,001599M97,substitute,no,no,,,0
UPL,2025/26,KCCA-vs-VILLA,2,Villa,away,16,Cyrus Kibande,000999M96,substitute,no,no,,,0
UPL,2025/26,KCCA-vs-VILLA,2,Villa,away,21,Andrew Otim,052048M99,substitute,no,no,90,,0
UPL,2025/26,KCCA-vs-VILLA,2,Villa,away,24,Jeans Braddy Wokorach,002173M96,substitute,no,no,,,0
UPL,2025/26,KCCA-vs-VILLA,2,Villa,away,30,Merickzedek Mangeni,064911M06,substitute,no,no,,,0
UPL,2025/26,MBARARA-vs-BUL,3,MBARARA,home,18,Emuran Fahad,020210M01,starting,no,yes,0,,90
UPL,2025/26,MBARARA-vs-BUL,3,MBARARA,home,5,Ibrahim Thembo,002051M99,starting,yes,no,0,,90
UPL,2025/26,MBARARA-vs-BUL,3,MBARARA,home,3,Innocent Wafula Esimu,008629M96,starting,no,no,0,,90
UPL,2025/26,MBARARA-vs-BUL,3,MBARARA,home,8,Ian Amanya,003379M96,starting,no,no,0,70,70
UPL,2025/26,MBARARA-vs-BUL,3,MBARARA,home,9,Henry Kitegenyi,055878M04,starting,no,no,0,90,90
UPL,2025/26,MBARARA-vs-BUL,3,MBARARA,home,13,Hamza Mulambuzi,017847M01,starting,no,no,0,,90
UPL,2025/26,MBARARA-vs-BUL,3,MBARARA,home,14,Latif Ssenkubuge,027525M00,starting,no,no,0,70,70
UPL,2025/26,MBARARA-vs-BUL,3,MBARARA,home,15,Reagan Matege,027324M98,starting,no,no,0,,90
UPL,2025/26,MBARARA-vs-BUL,3,MBARARA,home,17,Nasur Almahad Sadik,015036M01,starting,no,no,0,57,57
UPL,2025/26,MBARARA-vs-BUL,3,MBARARA,home,22,Denis Kaka Omony,001160M00,starting,no,no,0,90,90
UPL,2025/26,MBARARA-vs-BUL,3,MBARARA,home,24,Sulaiman Ssesaazi,002522M96,starting,no,no,0,,90
UPL,2025/26,MBARARA-vs-BUL,3,BUL,away,23,TOM IKARA,065955M97,starting,no,yes,0,,90
UPL,2025/26,MBARARA-vs-BUL,3,BUL,away,16,Pascal Ngobi,002654M94,starting,yes,no,0,,90
UPL,2025/26,MBARARA-vs-BUL,3,BUL,away,02,Hillary Onek,001574M01,starting,no,no,0,,90
UPL,2025/26,MBARARA-vs-BUL,3,BUL,away,3,Nicholas Mwere,020667M01,starting,no,no,0,,90
UPL,2025/26,MBARARA-vs-BUL,3,BUL,away,04,Walter Ochora,002426M97,starting,no,no,0,,90
UPL,2025/26,MBARARA-vs-BUL,3,BUL,away,09,Seiri Arigumaho,024705M01,starting,no,no,0,,90
UPL,2025/26,MBARARA-vs-BUL,3,BUL,away,14,Jeromy Kirya,002167M97,starting,no,no,0,43,43
UPL,2025/26,MBARARA-vs-BUL,3,BUL,away,17,Tah Barni Kelvin,024730M99,starting,no,no,0,,90
UPL,2025/26,MBARARA-vs-BUL,3,BUL,away,24,Martin Aprem,006304M00,starting,no,no,0,62,62
UPL,2025/26,MBARARA-vs-BUL,3,BUL,away,25,Denis Ssewagudde,048868M06,starting,no,no,0,84,84
UPL,2025/26,MBARARA-vs-BUL,3,BUL,away,26,SWABIR MPASA,039081M06,starting,no,no,0,62,62
UPL,2025/26,MBARARA-vs-BUL,3,MBARARA,home,01,Aaron Icumar,025112M99,substitute,no,no,,,0
UPL,2025/26,MBARARA-vs-BUL,3,MBARARA,home,6,Francis Odongo,009525M97,substitute,no,no,,,0
UPL,2025/26,MBARARA-vs-BUL,3,MBARARA,home,10,Clinton Davico Kamugisha,001602M99,substitute,no,no,90,,0
UPL,2025/26,MBARARA-vs-BUL,3,MBARARA,home,11,Mike Walaga,006072M93,substitute,no,no,90,,0
UPL,2025/26,MBARARA-vs-BUL,3,MBARARA,home,12,Sadat Nsubuga,002895M97,substitute,no,no,57,,33
UPL,2025/26,MBARARA-vs-BUL,3,MBARARA,home,16,Ambrose Arinda,057902M06,substitute,no,no,,,0
UPL,2025/26,MBARARA-vs-BUL,3,MBARARA,home,19,Gabriel Eragu,002769M93,substitute,no,no,70,,20
UPL,2025/26,MBARARA-vs-BUL,3,MBARARA,home,20,Gadaffi Kacancu,001771M92,substitute,no,no,,,0
UPL,2025/26,MBARARA-vs-BUL,3,MBARARA,home,23,Wycliffe Ahumuza,044786M02,substitute,no,no,,,0
UPL,2025/26,MBARARA-vs-BUL,3,MBARARA,home,26,Muhammed Kanyike,042577M03,substitute,no,no,,,0
UPL,2025/26,MBARARA-vs-BUL,3,MBARARA,home,28,Abudul Malik Bironse,025236M04,substitute,no,no,,,0
UPL,2025/26,MBARARA-vs-BUL,3,MBARARA,home,30,Thomas Kakaire,001734M03,substitute,no,no,70,,20
UPL,2025/26,MBARARA-vs-BUL,3,BUL,away,01,Yawe Farouk Sebanjja,002513M99,substitute,no,no,,,0
UPL,2025/26,MBARARA-vs-BUL,3,BUL,away,05,Bakali Magumda,008892M96,substitute,no,no,,,0
UPL,2025/26,MBARARA-vs-BUL,3,BUL,away,06,George Kasonko,000241M96,substitute,no,no,,,0
UPL,2025/26,MBARARA-vs-BUL,3,BUL,away,10,Ibrahim Mugulusi,000773M99,substitute,no,no,,,0
UPL,2025/26,MBARARA-vs-BUL,3,BUL,away,11,Isaac Wagoina,005568M00,substitute,no,no,43,,47
UPL,2025/26,MBARARA-vs-BUL,3,BUL,away,12,ISAAC SSENYUNJA,027464M98,substitute,no,no,,,0
UPL,2025/26,MBARARA-vs-BUL,3,BUL,away,18,ALEX KITATA,065956M92,substitute,no,no,84,,6
UPL,2025/26,MBARARA-vs-BUL,3,BUL,away,21,Fredrick Ngalo,000957M96,substitute,no,no,,,0
UPL,2025/26,MBARARA-vs-BUL,3,BUL,away,22,Reagan Kalyowa,006303M01,substitute,no,no,62,,28
UPL,2025/26,MBARARA-vs-BUL,3,BUL,away,28,LWENDA SOWEDI,038683M06,substitute,no,no,62,,28
UPL,2025/26,MBARARA-vs-BUL,3,BUL,away,30,Simon Achidi,045395M05,substitute,no,no,,,0
UPL,2025/26,URA-vs-EXPRESS,3,URA,home,16,Chrispas Kusiima,002270M98,starting,no,yes,0,,90
UPL,2025/26,URA-vs-EXPRESS,3,URA,home,7,Moses Okabo Aliro,008911M96,starting,yes,no,0,,90
UPL,2025/26,URA-vs-EXPRESS,3,URA,home,3,Hudu Mulikyi,000397M95,starting,no,no,0,,90
UPL,2025/26,URA-vs-EXPRESS,3,URA,home,4,Norman Namanya,001766M00,starting,no,no,0,75,75
UPL,2025/26,URA-vs-EXPRESS,3,URA,home,9,Joseph Ssemujju,001464M97,starting,no,no,0,82,82
UPL,2025/26,URA-vs-EXPRESS,3,URA,home,10,Laban Tibiita,001470M02,starting,no,no,0,50,50
UPL,2025/26,URA-vs-EXPRESS,3,URA,home,12,Nelson Senkatuka,000614M97,starting,no,no,0,,90
UPL,2025/26,URA-vs-EXPRESS,3,URA,home,13,Faizo Matovu,006969M97,starting,no,no,0,,90
UPL,2025/26,URA-vs-EXPRESS,3,URA,home,15,Joshua Letti Lubwama,001360M95,starting,no,no,0,,90
UPL,2025/26,URA-vs-EXPRESS,3,URA,home,20,Ibrahim Wamannah,001134M97,starting,no,no,0,,90
UPL,2025/26,URA-vs-EXPRESS,3,URA,home,27,Justine Opiro,008877M03,starting,no,no,0,,90
UPL,2025/26,URA-vs-EXPRESS,3,EXPRESS,away,12,Ramadhan Ali Mwirusi,006444M99,starting,no,yes,0,,90
UPL,2025/26,URA-vs-EXPRESS,3,EXPRESS,away,13,Ashraf Mbazira,002676M98,starting,yes,no,0,,90
UPL,2025/26,URA-vs-EXPRESS,3,EXPRESS,away,2,Peter Onzima,000956M94,starting,no,no,0,25,25
UPL,2025/26,URA-vs-EXPRESS,3,EXPRESS,away,3,HAKIM WANDERA,033032M07,starting,no,no,0,,90
UPL,2025/26,URA-vs-EXPRESS,3,EXPRESS,away,5,Richard Basangwa,021294M01,starting,no,no,0,,90
UPL,2025/26,URA-vs-EXPRESS,3,EXPRESS,away,11,Abdulahi Rashid,001920M00,starting,no,no,0,60,60
UPL,2025/26,URA-vs-EXPRESS,3,EXPRESS,away,17,Mikidadi Ssenyonga,009184M97,starting,no,no,0,46,46
UPL,2025/26,URA-vs-EXPRESS,3,EXPRESS,away,19,RWOTNGEYO DOUGLAS HANNCIENT,065936M03,starting,no,no,0,,90
UPL,2025/26,URA-vs-EXPRESS,3,EXPRESS,away,21,Henry Wamala,006082M96,starting,no,no,0,78,78
UPL,2025/26,URA-vs-EXPRESS,3,EXPRESS,away,26,KHASIM MUSTAPHA,035993M06,starting,no,no,0,,90
UPL,2025/26,URA-vs-EXPRESS,3,EXPRESS,away,28,Lawrence Muwonge Bukenya,056374M04,starting,no,no,0,,90
UPL,2025/26,URA-vs-EXPRESS,3,URA,home,06,Abraham Kakensa Tusubira,006815M94,substitute,no,no,,,0
UPL,2025/26,URA-vs-EXPRESS,3,URA,home,8,Nicholas Kabonge,002860M98,substitute,no,no,,,0
UPL,2025/26,URA-vs-EXPRESS,3,URA,home,11,Living Kabon,000206M97,substitute,no,no,75,,15
UPL,2025/26,URA-vs-EXPRESS,3,URA,home,14,George Masembe,045544M05,substitute,no,no,,,0
UPL,2025/26,URA-vs-EXPRESS,3,URA,home,21,Fred Amaku,001609M95,substitute,no,no,,,0
UPL,2025/26,URA-vs-EXPRESS,3,URA,home,22,NYARWA BITANYWAINE OLIMI,063673M06,substitute,no,no,82,,8
UPL,2025/26,URA-vs-EXPRESS,3,URA,home,23,Amisi Bwangani,019947M03,substitute,no,no,,,0
UPL,2025/26,URA-vs-EXPRESS,3,URA,home,24,Muhamad Ssekkeba,000658M95,substitute,no,no,,,0
UPL,2025/26,URA-vs-EXPRESS,3,URA,home,26,JOHN INNOCENT KISOLO,043298M06,substitute,no,no,,,0
UPL,2025/26,URA-vs-EXPRESS,3,URA,home,30,Godfrey Sekibengo,043871M06,substitute,no,no,50,,40
UPL,2025/26,URA-vs-EXPRESS,3,EXPRESS,away,,OLOYA MOSES,063678M92,substitute,no,no,78,,12
UPL,2025/26,URA-vs-EXPRESS,3,EXPRESS,away,4,ALLI ISMAEL,065960M08,substitute,no,no,60,,30
UPL,2025/26,URA-vs-EXPRESS,3,EXPRESS,away,8,Muhamed Kagawa Ssenoga,021073M01,substitute,no,no,46,,44
UPL,2025/26,URA-vs-EXPRESS,3,EXPRESS,away,9,Habert Asiimwe,015651M97,substitute,no,no,,,0
UPL,2025/26,URA-vs-EXPRESS,3,EXPRESS,away,15,VICTOR KANANURA KAHINDI,065959M09,substitute,no,no,,,0
UPL,2025/26,URA-vs-EXPRESS,3,EXPRESS,away,22,Yosia Kisa,033521M01,substitute,no,no,,,0
UPL,2025/26,URA-vs-EXPRESS,3,EXPRESS,away,27,Khassim Hafizi,010898M04,substitute,no,no,,,0
UPL,2025/26,URA-vs-EXPRESS,3,EXPRESS,away,29,ISA GLORY KISUULE,058018M05,substitute,no,no,25,,65
UPL,2025/26,URA-vs-EXPRESS,3,EXPRESS,away,30,Elvis Ssekajjugo,063477M06,substitute,no,no,,,0
UPL,2025/26,UPDF-vs-MAROONS,3,UPDF,home,27,Shamulan Kamya,026590M04,starting,no,yes,0,,90
UPL,2025/26,UPDF-vs-MAROONS,3,UPDF,home,4,Bernard Muwanga,000569M93,starting,yes,no,0,,90
UPL,2025/26,UPDF-vs-MAROONS,3,UPDF,home,6,Edward Satulo,002359M00,starting,no,no,0,,90
UPL,2025/26,UPDF-vs-MAROONS,3,UPDF,home,7,Rashid Faridi,009798M96,starting,no,no,0,78,78
UPL,2025/26,UPDF-vs-MAROONS,3,UPDF,home,8,Joseph Janjali,001385M96,starting,no,no,0,78,78
UPL,2025/26,UPDF-vs-MAROONS,3,UPDF,home,11,Samson Andrew Kigozi,000319M95,starting,no,no,0,0,0
UPL,2025/26,UPDF-vs-MAROONS,3,UPDF,home,12,Ronald Kayondo,007049M98,starting,no,no,0,,90
UPL,2025/26,UPDF-vs-MAROONS,3,UPDF,home,15,Swaibu Kasujja Kalule,010608M96,starting,no,no,0,49,49
UPL,2025/26,UPDF-vs-MAROONS,3,UPDF,home,16,Aggrey Kiirya,000260M97,starting,no,no,0,88,88
UPL,2025/26,UPDF-vs-MAROONS,3,UPDF,home,22,FRANK GLADISON MUGISA,019194M98,starting,no,no,0,,90
UPL,2025/26,UPDF-vs-MAROONS,3,UPDF,home,23,Samuel Kayongo Ssekamatte,001757M93,starting,no,no,0,,90
UPL,2025/26,UPDF-vs-MAROONS,3,MAROONS,away,18,Matovu Hassan Muyomba,008708M98,starting,no,yes,0,,90
UPL,2025/26,UPDF-vs-MAROONS,3,MAROONS,away,2,Edward Kabona,002232M94,starting,yes,no,0,,90
UPL,2025/26,UPDF-vs-MAROONS,3,MAROONS,away,3,Fredrick Nickolas Kigozi,002204M95,starting,no,no,0,,90
UPL,2025/26,UPDF-vs-MAROONS,3,MAROONS,away,5,Norman Borniface Odipio,001091M01,starting,no,no,0,,90
UPL,2025/26,UPDF-vs-MAROONS,3,MAROONS,away,6,Felix Okot,000455M96,starting,no,no,0,67,67
UPL,2025/26,UPDF-vs-MAROONS,3,MAROONS,away,9,Dickson Niwamanya,002028M94,starting,no,no,0,59,59
UPL,2025/26,UPDF-vs-MAROONS,3,MAROONS,away,10,Ivan Mayanja,052610M04,starting,no,no,0,59,59
UPL,2025/26,UPDF-vs-MAROONS,3,MAROONS,away,13,Emmanuel Obua,004874M00,starting,no,no,0,59,59
UPL,2025/26,UPDF-vs-MAROONS,3,MAROONS,away,15,Borris Onegi,018419M97,starting,no,no,0,,90
UPL,2025/26,UPDF-vs-MAROONS,3,MAROONS,away,16,Rogers Kiwanuka,003306M01,starting,no,no,0,,90
UPL,2025/26,UPDF-vs-MAROONS,3,MAROONS,away,22,Deni Rukundo,009318M96,starting,no,no,0,78,78
UPL,2025/26,UPDF-vs-MAROONS,3,UPDF,home,2,Derrick Jim Ssekulima,021248M91,substitute,no,no,,,0
UPL,2025/26,UPDF-vs-MAROONS,3,UPDF,home,5,Denis Sekitoleko,000763M87,substitute,no,no,,,0
UPL,2025/26,UPDF-vs-MAROONS,3,UPDF,home,9,Kitara Daniel,006220M97,substitute,no,no,,,0
UPL,2025/26,UPDF-vs-MAROONS,3,UPDF,home,14,Shafic kakande,001710M03,substitute,no,no,88,,2
UPL,2025/26,UPDF-vs-MAROONS,3,UPDF,home,18,IBRAHIM MAKUMBI,009788M97,substitute,no,no,,,0
UPL,2025/26,UPDF-vs-MAROONS,3,UPDF,home,19,Sulaiman Kibalama,002323M98,substitute,no,no,49,,41
UPL,2025/26,UPDF-vs-MAROONS,3,UPDF,home,20,Brian Kalumba,005725M98,substitute,no,no,78,,12
UPL,2025/26,UPDF-vs-MAROONS,3,UPDF,home,21,Emmanuel Manu Ochen,004763M97,substitute,no,no,0,,90
UPL,2025/26,UPDF-vs-MAROONS,3,UPDF,home,26,Enrique Lubwama,036011M06,substitute,no,no,,,0
UPL,2025/26,UPDF-vs-MAROONS,3,UPDF,home,28,Abbas Luuty Nsubuga,057832M03,substitute,no,no,78,,12
UPL,2025/26,UPDF-vs-MAROONS,3,UPDF,home,30,Asaph Ssegujja,006418M01,substitute,no,no,,,0
UPL,2025/26,UPDF-vs-MAROONS,3,MAROONS,away,4,Apollo Kagogwe,006244M03,substitute,no,no,78,,12
UPL,2025/26,UPDF-vs-MAROONS,3,MAROONS,away,7,Mujahid Ogama,000627M98,substitute,no,no,59,,31
UPL,2025/26,UPDF-vs-MAROONS,3,MAROONS,away,8,Ronald Orombi,000636M93,substitute,no,no,,,0
UPL,2025/26,UPDF-vs-MAROONS,3,MAROONS,away,19,Brian Nkuubi,000463M93,substitute,no,no,59,,31
UPL,2025/26,UPDF-vs-MAROONS,3,MAROONS,away,20,Abel Michael Eturude,000572M97,substitute,no,no,59,,31
UPL,2025/26,UPDF-vs-MAROONS,3,MAROONS,away,21,Godwin Daniel Kitagenda,000648M93,substitute,no,no,,,0
UPL,2025/26,UPDF-vs-MAROONS,3,MAROONS,away,23,Derick Basoga,002160M96,substitute,no,no,67,,23
UPL,2025/26,UPDF-vs-MAROONS,3,MAROONS,away,24,Simon Tamale,000517M94,substitute,no,no,,,0
UPL,2025/26,UPDF-vs-MAROONS,3,MAROONS,away,29,JAMAL SSEMWOGERERE,043270M06,substitute,no,no,,,0
UPL,2025/26,VILLA-vs-ENTEBBE,3,Villa,home,23,David Lukwago,031565M02,starting,no,yes,0,,90
UPL,2025/26,VILLA-vs-ENTEBBE,3,Villa,home,15,David Owori,000506M98,starting,yes,no,0,,90
UPL,2025/26,VILLA-vs-ENTEBBE,3,Villa,home,4,Geoffrey Lubanga Kene,000824M96,starting,no,no,0,,90
UPL,2025/26,VILLA-vs-ENTEBBE,3,Villa,home,6,Simon Kato Ssemayange,010603M97,starting,no,no,0,77,77
UPL,2025/26,VILLA-vs-ENTEBBE,3,Villa,home,9,Frank Ssebufu,000408M02,starting,no,no,0,77,77
UPL,2025/26,VILLA-vs-ENTEBBE,3,Villa,home,12,Ibrahim Kasinde,062054M03,starting,no,no,0,69,69
UPL,2025/26,VILLA-vs-ENTEBBE,3,Villa,home,17,Najib Yiga,006318M02,starting,no,no,0,,90
UPL,2025/26,VILLA-vs-ENTEBBE,3,Villa,home,19,Missi Diego Semugera,002791M95,starting,no,no,0,,90
UPL,2025/26,VILLA-vs-ENTEBBE,3,Villa,home,22,Aslam Ssemakula,031580M99,starting,no,no,0,57,57
UPL,2025/26,VILLA-vs-ENTEBBE,3,Villa,home,26,Hassan Mubiru,031869M04,starting,no,no,0,,90
UPL,2025/26,VILLA-vs-ENTEBBE,3,Villa,home,27,Raymon Barasa Mangoli,039141M07,starting,no,no,0,,90
UPL,2025/26,VILLA-vs-ENTEBBE,3,ENTEBBE,away,24,Rogers Omedwa,006042M92,starting,no,yes,0,,90
UPL,2025/26,VILLA-vs-ENTEBBE,3,ENTEBBE,away,15,Musitafa Mujuzi,000489M99,starting,yes,no,0,,90
UPL,2025/26,VILLA-vs-ENTEBBE,3,ENTEBBE,away,05,Ahmed Amayo,009911M99,starting,no,no,0,,90
UPL,2025/26,VILLA-vs-ENTEBBE,3,ENTEBBE,away,8,Steven Munguchi,002584M95,starting,no,no,0,,90
UPL,2025/26,VILLA-vs-ENTEBBE,3,ENTEBBE,away,9,Fazil Tumwine,051245M05,starting,no,no,0,87,87
UPL,2025/26,VILLA-vs-ENTEBBE,3,ENTEBBE,away,10,Junior Samuel Kawawa,026859M97,starting,no,no,0,71,71
UPL,2025/26,VILLA-vs-ENTEBBE,3,ENTEBBE,away,12,Hassan Ssenyonjo,009233M00,starting,no,no,0,,90
UPL,2025/26,VILLA-vs-ENTEBBE,3,ENTEBBE,away,13,Jonathan Gift Odongo,002867M98,starting,no,no,0,,90
UPL,2025/26,VILLA-vs-ENTEBBE,3,ENTEBBE,away,16,Emmanuel Iisat,044680M03,starting,no,no,0,87,87
UPL,2025/26,VILLA-vs-ENTEBBE,3,ENTEBBE,away,18,John Kokas Alou,001667M02,starting,no,no,0,57,57
UPL,2025/26,VILLA-vs-ENTEBBE,3,ENTEBBE,away,23,Isa Mubiru,000276M96,starting,no,no,0,,90
UPL,2025/26,VILLA-vs-ENTEBBE,3,Villa,home,1,Norman Angufindru,008015M94,substitute,no,no,,,0
UPL,2025/26,VILLA-vs-ENTEBBE,3,Villa,home,3,Frank Mulimi,021650M00,substitute,no,no,,,0
UPL,2025/26,VILLA-vs-ENTEBBE,3,Villa,home,8,Elivis Ngonde,005096M02,substitute,no,no,77,,13
UPL,2025/26,VILLA-vs-ENTEBBE,3,Villa,home,11,Jerome Otim,033445M02,substitute,no,no,,,0
UPL,2025/26,VILLA-vs-ENTEBBE,3,Villa,home,13,Ali Arshavin Bayo,001599M97,substitute,no,no,,,0
UPL,2025/26,VILLA-vs-ENTEBBE,3,Villa,home,14,Charles Lwanga,008672M00,substitute,no,no,69,,21
UPL,2025/26,VILLA-vs-ENTEBBE,3,Villa,home,16,Cyrus Kibande,000999M96,substitute,no,no,,,0
UPL,2025/26,VILLA-vs-ENTEBBE,3,Villa,home,18,Tonny Atukunda,002944M01,substitute,no,no,,,0
UPL,2025/26,VILLA-vs-ENTEBBE,3,Villa,home,20,Geofrey Gagganga,001322M99,substitute,no,no,57,,33
UPL,2025/26,VILLA-vs-ENTEBBE,3,Villa,home,21,Andrew Otim,052048M99,substitute,no,no,77,,13
UPL,2025/26,VILLA-vs-ENTEBBE,3,Villa,home,24,Jeans Braddy Wokorach,002173M96,substitute,no,no,,,0
UPL,2025/26,VILLA-vs-ENTEBBE,3,Villa,home,30,Merickzedek Mangeni,064911M06,substitute,no,no,,,0
UPL,2025/26,VILLA-vs-ENTEBBE,3,ENTEBBE,away,03,Bright Joseph Vuni,002554M98,substitute,no,no,,,0
UPL,2025/26,VILLA-vs-ENTEBBE,3,ENTEBBE,away,6,Sam Kintu,000495M95,substitute,no,no,,,0
UPL,2025/26,VILLA-vs-ENTEBBE,3,ENTEBBE,away,7,Julius Poloto,000570M99,substitute,no,no,57,,33
UPL,2025/26,VILLA-vs-ENTEBBE,3,ENTEBBE,away,11,Noordin Saddic Bunjo,000445M99,substitute,no,no,87,,3
UPL,2025/26,VILLA-vs-ENTEBBE,3,ENTEBBE,away,14,Denis Otim,002882M99,substitute,no,no,,,0
UPL,2025/26,VILLA-vs-ENTEBBE,3,ENTEBBE,away,17,Issa Bugembe,024771M04,substitute,no,no,71,,19
UPL,2025/26,VILLA-vs-ENTEBBE,3,ENTEBBE,away,19,Ambrose Kigozi,024680M96,substitute,no,no,,,0
UPL,2025/26,VILLA-vs-ENTEBBE,3,ENTEBBE,away,21,Muhammad Kyeyune,006276M00,substitute,no,no,87,,3
UPL,2025/26,VILLA-vs-ENTEBBE,3,ENTEBBE,away,22,Marvin Mukiibi,031945M03,substitute,no,no,,,0
UPL,2025/26,VILLA-vs-ENTEBBE,3,ENTEBBE,away,25,George Kiryowa,001427M97,substitute,no,no,,,0
UPL,2025/26,VILLA-vs-ENTEBBE,3,ENTEBBE,away,26,Yusuf Bogere,040860M05,substitute,no,no,,,0
UPL,2025/26,VILLA-vs-ENTEBBE,3,ENTEBBE,away,27,Charles Okello Batiibwe,027001M05,substitute,no,no,,,0
UPL,2025/26,NEC-vs-POLICE,3,NEC,home,19,Hannington Sebwalunyo,000335M89,starting,no,yes,0,,90
UPL,2025/26,NEC-vs-POLICE,3,NEC,home,6,Ibrahim Kiyemba,000537M95,starting,yes,no,0,,90
UPL,2025/26,NEC-vs-POLICE,3,NEC,home,,Mustafa Kizza,001756M99,starting,no,no,0,,90
UPL,2025/26,NEC-vs-POLICE,3,NEC,home,,Geriga Atendele,005528M95,starting,no,no,0,,90
UPL,2025/26,NEC-vs-POLICE,3,NEC,home,,CHARLES MOSES WAIBI,032004M02,starting,no,no,0,,90
UPL,2025/26,NEC-vs-POLICE,3,NEC,home,2,Jacob Okao,001901M01,starting,no,no,0,77,77
UPL,2025/26,NEC-vs-POLICE,3,NEC,home,13,Shamiru Kimwero,055885M06,starting,no,no,0,,90
UPL,2025/26,NEC-vs-POLICE,3,NEC,home,15,Joseph Seremba,025443M04,starting,no,no,0,,90
UPL,2025/26,NEC-vs-POLICE,3,NEC,home,20,Dhata Joseph Stephen Lujang,021295M02,starting,no,no,0,,90
UPL,2025/26,NEC-vs-POLICE,3,NEC,home,28,Emmanuel Kulanga,036009M06,starting,no,no,0,54,54
UPL,2025/26,NEC-vs-POLICE,3,NEC,home,29,Ronald Media Innocent,009322M01,starting,no,no,0,43,43
UPL,2025/26,NEC-vs-POLICE,3,POLICE,away,25,Mathias Muwanga,000391M97,starting,no,yes,0,,90
UPL,2025/26,NEC-vs-POLICE,3,POLICE,away,16,Saidi Kyeyune,000664M93,starting,yes,no,0,71,71
UPL,2025/26,NEC-vs-POLICE,3,POLICE,away,3,Richard Matovu,001863M98,starting,no,no,0,,90
UPL,2025/26,NEC-vs-POLICE,3,POLICE,away,6,Daniel Jakony,022744M00,starting,no,no,0,,90
UPL,2025/26,NEC-vs-POLICE,3,POLICE,away,11,Lawrence Tezikya,017848M98,starting,no,no,0,62,62
UPL,2025/26,NEC-vs-POLICE,3,POLICE,away,15,Bedia Djuma Ikamba,065938M04,starting,no,no,0,,90
UPL,2025/26,NEC-vs-POLICE,3,POLICE,away,19,Brian James Obedi,023009M00,starting,no,no,0,84,84
UPL,2025/26,NEC-vs-POLICE,3,POLICE,away,20,Deus Bukenya,024723M95,starting,no,no,0,,90
UPL,2025/26,NEC-vs-POLICE,3,POLICE,away,21,Sizwe Mario Gwebu,065939M03,starting,no,no,0,71,71
UPL,2025/26,NEC-vs-POLICE,3,POLICE,away,28,Abudshakur Ramsey Jemba,010972M05,starting,no,no,0,62,62
UPL,2025/26,NEC-vs-POLICE,3,POLICE,away,30,Stephen Namaisi,022529M05,starting,no,no,0,,90
UPL,2025/26,NEC-vs-POLICE,3,NEC,home,1,Samson Kiirya,000563M95,substitute,no,no,,,0
UPL,2025/26,NEC-vs-POLICE,3,NEC,home,7,Emmanuel Ajo,033093M00,substitute,no,no,43,,47
UPL,2025/26,NEC-vs-POLICE,3,NEC,home,8,Marvin Kavuma,019159M95,substitute,no,no,,,0
UPL,2025/26,NEC-vs-POLICE,3,NEC,home,10,Allan Mugalu,006920M96,substitute,no,no,54,,36
UPL,2025/26,NEC-vs-POLICE,3,NEC,home,14,Paul Mucureezi,000375M93,substitute,no,no,,,0
UPL,2025/26,NEC-vs-POLICE,3,NEC,home,16,Ibrahim Musa,041109M03,substitute,no,no,,,0
UPL,2025/26,NEC-vs-POLICE,3,NEC,home,17,Gideon Odongo,013429M99,substitute,no,no,,,0
UPL,2025/26,NEC-vs-POLICE,3,NEC,home,18,Muzamiru Mutyaba,000542M93,substitute,no,no,,,0
UPL,2025/26,NEC-vs-POLICE,3,NEC,home,23,Patrick Bayiga,003236M93,substitute,no,no,77,,13
UPL,2025/26,NEC-vs-POLICE,3,NEC,home,26,Jackson Ssembatya,065371M05,substitute,no,no,,,0
UPL,2025/26,NEC-vs-POLICE,3,NEC,home,27,James Jarieko,008348M03,substitute,no,no,,,0
UPL,2025/26,NEC-vs-POLICE,3,NEC,home,30,Hudson Mbalire,057901M05,substitute,no,no,,,0
UPL,2025/26,NEC-vs-POLICE,3,POLICE,away,4,Benon Tahomera,004483M96,substitute,no,no,,,0
UPL,2025/26,NEC-vs-POLICE,3,POLICE,away,8,Ivan Eyamu,001898M01,substitute,no,no,,,0
UPL,2025/26,NEC-vs-POLICE,3,POLICE,away,9,Umaru Kasumba,063887M94,substitute,no,no,71,,19
UPL,2025/26,NEC-vs-POLICE,3,POLICE,away,10,Dennis Kalanzi,055884M06,substitute,no,no,62,,28
UPL,2025/26,NEC-vs-POLICE,3,POLICE,away,13,Samuel Kayongo,000365M92,substitute,no,no,,,0
UPL,2025/26,NEC-vs-POLICE,3,POLICE,away,14,Allan Bukenya,003705M96,substitute,no,no,,,0
UPL,2025/26,NEC-vs-POLICE,3,POLICE,away,17,Charles Bbaale,008955M94,substitute,no,no,62,,28
UPL,2025/26,NEC-vs-POLICE,3,POLICE,away,22,Tonny Kiwalazi,006255M00,substitute,no,no,,,0
UPL,2025/26,NEC-vs-POLICE,3,POLICE,away,24,Edward Kasibante,001902M98,substitute,no,no,,,0
UPL,2025/26,NEC-vs-POLICE,3,POLICE,away,26,Rayn Figo Kizito,032556M05,substitute,no,no,71,,19
UPL,2025/26,NEC-vs-POLICE,3,POLICE,away,27,Emmanuel Mugume,015168M03,substitute,no,no,84,,6
UPL,2025/26,LUGAZI-vs-URA,4,LUGAZI,home,,Juma Mutebi,042164M02,starting,no,yes,0,,90
UPL,2025/26,LUGAZI-vs-URA,4,LUGAZI,home,24,Ayiko Richard,000452M93,starting,yes,no,0,,90
UPL,2025/26,LUGAZI-vs-URA,4,LUGAZI,home,8,Derrick Mwanje,008014M98,starting,no,no,0,,90
UPL,2025/26,LUGAZI-vs-URA,4,LUGAZI,home,12,Sharif Saaka,009834M91,starting,no,no,0,,90
UPL,2025/26,LUGAZI-vs-URA,4,LUGAZI,home,13,David Bagoole,006295M96,starting,no,no,0,,90
UPL,2025/26,LUGAZI-vs-URA,4,LUGAZI,home,14,Adam Muteesasira,031602M02,starting,no,no,0,46,46
UPL,2025/26,LUGAZI-vs-URA,4,LUGAZI,home,17,Paul Wasswa,002518M99,starting,no,no,0,,90
UPL,2025/26,LUGAZI-vs-URA,4,LUGAZI,home,19,Alfred Leku,017845M97,starting,no,no,0,,90
UPL,2025/26,LUGAZI-vs-URA,4,LUGAZI,home,20,Amos Etojo,002129M94,starting,no,no,0,,90
UPL,2025/26,LUGAZI-vs-URA,4,LUGAZI,home,21,Rogers Atube,007798M94,starting,no,no,0,,90
UPL,2025/26,LUGAZI-vs-URA,4,LUGAZI,home,27,Freedom Mungudit,057827M06,starting,no,no,0,,90
UPL,2025/26,LUGAZI-vs-URA,4,URA,away,16,Chrispas Kusiima,002270M98,starting,no,yes,0,,90
UPL,2025/26,LUGAZI-vs-URA,4,URA,away,7,Moses Okabo Aliro,008911M96,starting,yes,no,0,,90
UPL,2025/26,LUGAZI-vs-URA,4,URA,away,3,Hudu Mulikyi,000397M95,starting,no,no,0,,90
UPL,2025/26,LUGAZI-vs-URA,4,URA,away,9,Joseph Ssemujju,001464M97,starting,no,no,0,72,72
UPL,2025/26,LUGAZI-vs-URA,4,URA,away,10,Laban Tibiita,001470M02,starting,no,no,0,35,35
UPL,2025/26,LUGAZI-vs-URA,4,URA,away,12,Nelson Senkatuka,000614M97,starting,no,no,0,,90
UPL,2025/26,LUGAZI-vs-URA,4,URA,away,13,Faizo Matovu,006969M97,starting,no,no,0,,90
UPL,2025/26,LUGAZI-vs-URA,4,URA,away,14,George Masembe,045544M05,starting,no,no,0,66,66
UPL,2025/26,LUGAZI-vs-URA,4,URA,away,20,Ibrahim Wamannah,001134M97,starting,no,no,0,,90
UPL,2025/26,LUGAZI-vs-URA,4,URA,away,23,Amisi Bwangani,019947M03,starting,no,no,0,66,66
UPL,2025/26,LUGAZI-vs-URA,4,URA,away,27,Justine Opiro,008877M03,starting,no,no,0,,90
UPL,2025/26,LUGAZI-vs-URA,4,LUGAZI,home,1,Allan Batali Igama,065884M07,substitute,no,no,,,0
UPL,2025/26,LUGAZI-vs-URA,4,LUGAZI,home,3,Dauson Mafumu,044021M03,substitute,no,no,,,0
UPL,2025/26,LUGAZI-vs-URA,4,LUGAZI,home,4,Joseph Othieno,062824M96,substitute,no,no,,,0
UPL,2025/26,LUGAZI-vs-URA,4,LUGAZI,home,7,Ashiraf Mulindi,008496M01,substitute,no,no,,,0
UPL,2025/26,LUGAZI-vs-URA,4,LUGAZI,home,10,Moses Ojoaza Buga,002606M95,substitute,no,no,,,0
UPL,2025/26,LUGAZI-vs-URA,4,LUGAZI,home,11,Paul Busolo,045165M02,substitute,no,no,,,0
UPL,2025/26,LUGAZI-vs-URA,4,LUGAZI,home,15,Solomon Ali Okwalinga,000480M96,substitute,no,no,,,0
UPL,2025/26,LUGAZI-vs-URA,4,LUGAZI,home,16,Abdul Kalanzi,007342M03,substitute,no,no,46,,44
UPL,2025/26,LUGAZI-vs-URA,4,LUGAZI,home,25,Birungi Alvin Twiine,050305M06,substitute,no,no,,,0
UPL,2025/26,LUGAZI-vs-URA,4,LUGAZI,home,26,Juma Ssajjabi,051304M06,substitute,no,no,,,0
UPL,2025/26,LUGAZI-vs-URA,4,URA,away,4,Norman Namanya,001766M00,substitute,no,no,,,0
UPL,2025/26,LUGAZI-vs-URA,4,URA,away,06,Abraham Kakensa Tusubira,006815M94,substitute,no,no,72,,18
UPL,2025/26,LUGAZI-vs-URA,4,URA,away,8,Nicholas Kabonge,002860M98,substitute,no,no,35,,55
UPL,2025/26,LUGAZI-vs-URA,4,URA,away,11,Living Kabon,000206M97,substitute,no,no,,,0
UPL,2025/26,LUGAZI-vs-URA,4,URA,away,21,Fred Amaku,001609M95,substitute,no,no,66,,24
UPL,2025/26,LUGAZI-vs-URA,4,URA,away,24,Muhamad Ssekkeba,000658M95,substitute,no,no,,,0
UPL,2025/26,LUGAZI-vs-URA,4,URA,away,25,Shafik Lugoloobi,012665M01,substitute,no,no,,,0
UPL,2025/26,LUGAZI-vs-URA,4,URA,away,26,JOHN INNOCENT KISOLO,043298M06,substitute,no,no,66,,24
UPL,2025/26,MAROONS-vs-CALVARY,4,MAROONS,home,18,Matovu Hassan Muyomba,008708M98,starting,no,yes,0,,90
UPL,2025/26,MAROONS-vs-CALVARY,4,MAROONS,home,2,Edward Kabona,002232M94,starting,yes,no,0,,90
UPL,2025/26,MAROONS-vs-CALVARY,4,MAROONS,home,3,Fredrick Nickolas Kigozi,002204M95,starting,no,no,0,,90
UPL,2025/26,MAROONS-vs-CALVARY,4,MAROONS,home,5,Norman Borniface Odipio,001091M01,starting,no,no,0,81,81
UPL,2025/26,MAROONS-vs-CALVARY,4,MAROONS,home,6,Felix Okot,000455M96,starting,no,no,0,46,46
UPL,2025/26,MAROONS-vs-CALVARY,4,MAROONS,home,9,Dickson Niwamanya,002028M94,starting,no,no,0,71,71
UPL,2025/26,MAROONS-vs-CALVARY,4,MAROONS,home,10,Ivan Mayanja,052610M04,starting,no,no,0,81,81
UPL,2025/26,MAROONS-vs-CALVARY,4,MAROONS,home,13,Emmanuel Obua,004874M00,starting,no,no,0,29,29
UPL,2025/26,MAROONS-vs-CALVARY,4,MAROONS,home,15,Borris Onegi,018419M97,starting,no,no,0,,90
UPL,2025/26,MAROONS-vs-CALVARY,4,MAROONS,home,16,Rogers Kiwanuka,003306M01,starting,no,no,0,,90
UPL,2025/26,MAROONS-vs-CALVARY,4,MAROONS,home,22,Deni Rukundo,009318M96,starting,no,no,0,,90
UPL,2025/26,MAROONS-vs-CALVARY,4,CALVARY,away,24,Emmanuel Derrick Were,000315M96,starting,yes,yes,0,,90
UPL,2025/26,MAROONS-vs-CALVARY,4,CALVARY,away,2,John Rogers,006294M03,starting,no,no,0,50,50
UPL,2025/26,MAROONS-vs-CALVARY,4,CALVARY,away,10,Simon Peter Odeke,000823M96,starting,no,no,0,81,81
UPL,2025/26,MAROONS-vs-CALVARY,4,CALVARY,away,12,Tusaba Najib Gwaidho,003727M95,starting,no,no,0,,90
UPL,2025/26,MAROONS-vs-CALVARY,4,CALVARY,away,14,Lawrence Olaboro,006809M96,starting,no,no,0,64,64
UPL,2025/26,MAROONS-vs-CALVARY,4,CALVARY,away,15,Stephen Oriokot,000835M97,starting,no,no,0,,90
UPL,2025/26,MAROONS-vs-CALVARY,4,CALVARY,away,21,Daniel Opio,006881M97,starting,no,no,0,,90
UPL,2025/26,MAROONS-vs-CALVARY,4,CALVARY,away,23,Marvin Praise Wambuga,024641M01,starting,no,no,0,,90
UPL,2025/26,MAROONS-vs-CALVARY,4,CALVARY,away,27,Zachous Ocen,031614M03,starting,no,no,0,64,64
UPL,2025/26,MAROONS-vs-CALVARY,4,CALVARY,away,29,ANDREW KIWANUKA,064234M05,starting,no,no,0,,90
UPL,2025/26,MAROONS-vs-CALVARY,4,CALVARY,away,30,Junior Emmanuel Ojok,033958M06,starting,no,no,0,,90
UPL,2025/26,MAROONS-vs-CALVARY,4,MAROONS,home,1,Amir Nalugoda,009973M99,substitute,no,no,,,0
UPL,2025/26,MAROONS-vs-CALVARY,4,MAROONS,home,4,Apollo Kagogwe,006244M03,substitute,no,no,,,0
UPL,2025/26,MAROONS-vs-CALVARY,4,MAROONS,home,7,Mujahid Ogama,000627M98,substitute,no,no,29,,61
UPL,2025/26,MAROONS-vs-CALVARY,4,MAROONS,home,8,Ronald Orombi,000636M93,substitute,no,no,81,,9
UPL,2025/26,MAROONS-vs-CALVARY,4,MAROONS,home,12,Jackson Nunda,001358M91,substitute,no,no,71,,19
UPL,2025/26,MAROONS-vs-CALVARY,4,MAROONS,home,19,Brian Nkuubi,000463M93,substitute,no,no,46,,44
UPL,2025/26,MAROONS-vs-CALVARY,4,MAROONS,home,20,Abel Michael Eturude,000572M97,substitute,no,no,81,,9
UPL,2025/26,MAROONS-vs-CALVARY,4,MAROONS,home,21,Godwin Daniel Kitagenda,000648M93,substitute,no,no,,,0
UPL,2025/26,MAROONS-vs-CALVARY,4,MAROONS,home,23,Derick Basoga,002160M96,substitute,no,no,,,0
UPL,2025/26,MAROONS-vs-CALVARY,4,MAROONS,home,24,Simon Tamale,000517M94,substitute,no,no,,,0
UPL,2025/26,MAROONS-vs-CALVARY,4,MAROONS,home,29,JAMAL SSEMWOGERERE,043270M06,substitute,no,no,,,0
UPL,2025/26,MAROONS-vs-CALVARY,4,CALVARY,away,3,Julius Ocen,002798M95,substitute,no,no,,,0
UPL,2025/26,MAROONS-vs-CALVARY,4,CALVARY,away,4,Bashir Asiku,005705M00,substitute,no,no,,,0
UPL,2025/26,MAROONS-vs-CALVARY,4,CALVARY,away,11,James Ssemambo,000846M98,substitute,no,no,,,0
UPL,2025/26,MAROONS-vs-CALVARY,4,CALVARY,away,16,Eric Otingcwinyu,003659M97,substitute,no,no,50,,40
UPL,2025/26,MAROONS-vs-CALVARY,4,CALVARY,away,17,Haron Odongo,000740M00,substitute,no,no,,,0
UPL,2025/26,MAROONS-vs-CALVARY,4,CALVARY,away,20,Steven Nyalimo,027792M95,substitute,no,no,64,,26
UPL,2025/26,MAROONS-vs-CALVARY,4,CALVARY,away,22,Hadji Shukuru,032060M02,substitute,no,no,,,0
UPL,2025/26,MAROONS-vs-CALVARY,4,CALVARY,away,25,Mubaraka Mitala,058076M06,substitute,no,no,81,,9
UPL,2025/26,MAROONS-vs-CALVARY,4,CALVARY,away,28,Allan Kiggundu,001111M04,substitute,no,no,64,,26
UPL,2025/26,BUL-vs-BUHIMBA,4,BUL,home,23,TOM IKARA,065955M97,starting,no,yes,0,,90
UPL,2025/26,BUL-vs-BUHIMBA,4,BUL,home,04,Walter Ochora,002426M97,starting,yes,no,0,,90
UPL,2025/26,BUL-vs-BUHIMBA,4,BUL,home,02,Hillary Onek,001574M01,starting,no,no,0,,90
UPL,2025/26,BUL-vs-BUHIMBA,4,BUL,home,3,Nicholas Mwere,020667M01,starting,no,no,0,,90
UPL,2025/26,BUL-vs-BUHIMBA,4,BUL,home,09,Seiri Arigumaho,024705M01,starting,no,no,0,60,60
UPL,2025/26,BUL-vs-BUHIMBA,4,BUL,home,10,Ibrahim Mugulusi,000773M99,starting,no,no,0,79,79
UPL,2025/26,BUL-vs-BUHIMBA,4,BUL,home,14,Jeromy Kirya,002167M97,starting,no,no,0,79,79
UPL,2025/26,BUL-vs-BUHIMBA,4,BUL,home,16,Pascal Ngobi,002654M94,starting,no,no,0,,90
UPL,2025/26,BUL-vs-BUHIMBA,4,BUL,home,17,Tah Barni Kelvin,024730M99,starting,no,no,0,,90
UPL,2025/26,BUL-vs-BUHIMBA,4,BUL,home,24,Martin Aprem,006304M00,starting,no,no,0,60,60
UPL,2025/26,BUL-vs-BUHIMBA,4,BUL,home,25,Denis Ssewagudde,048868M06,starting,no,no,0,60,60
UPL,2025/26,BUL-vs-BUHIMBA,4,BUHIMBA,away,1,Jamil Kiyimba,001057M98,starting,no,yes,0,,90
UPL,2025/26,BUL-vs-BUHIMBA,4,BUHIMBA,away,18,Maxwell Owachgiu,001052M97,starting,yes,no,0,,90
UPL,2025/26,BUL-vs-BUHIMBA,4,BUHIMBA,away,02,David Kasaija,008615M02,starting,no,no,0,,90
UPL,2025/26,BUL-vs-BUHIMBA,4,BUHIMBA,away,5,Dudu Ramadhan,001615M93,starting,no,no,0,89,89
UPL,2025/26,BUL-vs-BUHIMBA,4,BUHIMBA,away,6,Davis Kakaire,031960M01,starting,no,no,0,,90
UPL,2025/26,BUL-vs-BUHIMBA,4,BUHIMBA,away,8,Erick Muber,032079M02,starting,no,no,0,69,69
UPL,2025/26,BUL-vs-BUHIMBA,4,BUHIMBA,away,11,John Wesley kisaakye,006087M96,starting,no,no,0,46,46
UPL,2025/26,BUL-vs-BUHIMBA,4,BUHIMBA,away,13,Eric Washington Nyonyintono,024653M00,starting,no,no,0,,90
UPL,2025/26,BUL-vs-BUHIMBA,4,BUHIMBA,away,21,Edson Agondeze,008499M00,starting,no,no,0,69,69
UPL,2025/26,BUL-vs-BUHIMBA,4,BUHIMBA,away,25,Anwaru Mustafa Ntege,002236M94,starting,no,no,0,,90
UPL,2025/26,BUL-vs-BUHIMBA,4,BUHIMBA,away,26,Swadik Moro,044784M03,starting,no,no,0,69,69
UPL,2025/26,BUL-vs-BUHIMBA,4,BUL,home,01,Yawe Farouk Sebanjja,002513M99,substitute,no,no,,,0
UPL,2025/26,BUL-vs-BUHIMBA,4,BUL,home,05,Bakali Magumda,008892M96,substitute,no,no,,,0
UPL,2025/26,BUL-vs-BUHIMBA,4,BUL,home,06,George Kasonko,000241M96,substitute,no,no,,,0
UPL,2025/26,BUL-vs-BUHIMBA,4,BUL,home,11,Isaac Wagoina,005568M00,substitute,no,no,79,,11
UPL,2025/26,BUL-vs-BUHIMBA,4,BUL,home,12,ISAAC SSENYUNJA,027464M98,substitute,no,no,79,,11
UPL,2025/26,BUL-vs-BUHIMBA,4,BUL,home,18,ALEX KITATA,065956M92,substitute,no,no,60,,30
UPL,2025/26,BUL-vs-BUHIMBA,4,BUL,home,21,Fredrick Ngalo,000957M96,substitute,no,no,,,0
UPL,2025/26,BUL-vs-BUHIMBA,4,BUL,home,22,Reagan Kalyowa,006303M01,substitute,no,no,60,,30
UPL,2025/26,BUL-vs-BUHIMBA,4,BUL,home,28,LWENDA SOWEDI,038683M06,substitute,no,no,,,0
UPL,2025/26,BUL-vs-BUHIMBA,4,BUL,home,30,Simon Achidi,045395M05,substitute,no,no,60,,30
UPL,2025/26,BUL-vs-BUHIMBA,4,BUHIMBA,away,7,Hussein Mwanje,024625M97,substitute,no,no,69,,21
UPL,2025/26,BUL-vs-BUHIMBA,4,BUHIMBA,away,10,Shafic Kiryowa,007345M99,substitute,no,no,46,,44
UPL,2025/26,BUL-vs-BUHIMBA,4,BUHIMBA,away,15,NICHOLAS WAMANI,021729M98,substitute,no,no,89,,1
UPL,2025/26,BUL-vs-BUHIMBA,4,BUHIMBA,away,19,Derick Byabacwezi,026897M01,substitute,no,no,69,,21
UPL,2025/26,BUL-vs-BUHIMBA,4,BUHIMBA,away,23,Mpuna Emmanuel Biseki,065950M97,substitute,no,no,,,0
UPL,2025/26,BUL-vs-BUHIMBA,4,BUHIMBA,away,24,ELIUDE AMANYIRE,032700M02,substitute,no,no,,,0
UPL,2025/26,BUL-vs-BUHIMBA,4,BUHIMBA,away,29,LUCAS MOLA,056450M05,substitute,no,no,,,0
UPL,2025/26,BUL-vs-BUHIMBA,4,BUHIMBA,away,30,John Bosco Sempijja,025115M04,substitute,no,no,69,,21
UPL,2025/26,EXPRESS-vs-KCCA,4,EXPRESS,home,12,Ramadhan Ali Mwirusi,006444M99,starting,no,yes,0,,90
UPL,2025/26,EXPRESS-vs-KCCA,4,EXPRESS,home,13,Ashraf Mbazira,002676M98,starting,yes,no,0,,90
UPL,2025/26,EXPRESS-vs-KCCA,4,EXPRESS,home,3,HAKIM WANDERA,033032M07,starting,no,no,0,,90
UPL,2025/26,EXPRESS-vs-KCCA,4,EXPRESS,home,5,Richard Basangwa,021294M01,starting,no,no,0,,90
UPL,2025/26,EXPRESS-vs-KCCA,4,EXPRESS,home,8,Muhamed Kagawa Ssenoga,021073M01,starting,no,no,0,58,58
UPL,2025/26,EXPRESS-vs-KCCA,4,EXPRESS,home,11,Abdulahi Rashid,001920M00,starting,no,no,0,76,76
UPL,2025/26,EXPRESS-vs-KCCA,4,EXPRESS,home,19,RWOTNGEYO DOUGLAS HANNCIENT,065936M03,starting,no,no,0,,90
UPL,2025/26,EXPRESS-vs-KCCA,4,EXPRESS,home,21,Henry Wamala,006082M96,starting,no,no,0,76,76
UPL,2025/26,EXPRESS-vs-KCCA,4,EXPRESS,home,26,KHASIM MUSTAPHA,035993M06,starting,no,no,0,58,58
UPL,2025/26,EXPRESS-vs-KCCA,4,EXPRESS,home,28,Lawrence Muwonge Bukenya,056374M04,starting,no,no,0,81,81
UPL,2025/26,EXPRESS-vs-KCCA,4,EXPRESS,home,29,ISA GLORY KISUULE,058018M05,starting,no,no,0,,90
UPL,2025/26,EXPRESS-vs-KCCA,4,KCCA,away,12,Charles Lukwago,000622M94,starting,yes,yes,0,,90
UPL,2025/26,EXPRESS-vs-KCCA,4,KCCA,away,2,Herbert Achayi,006277M99,starting,no,no,0,,90
UPL,2025/26,EXPRESS-vs-KCCA,4,KCCA,away,3,Hassan Muhamud,003074M96,starting,no,no,0,,90
UPL,2025/26,EXPRESS-vs-KCCA,4,KCCA,away,4,Saidi Mayanja,001033M99,starting,no,no,0,87,87
UPL,2025/26,EXPRESS-vs-KCCA,4,KCCA,away,6,Sammy Raynald Ssebaduka,028682M02,starting,no,no,0,,90
UPL,2025/26,EXPRESS-vs-KCCA,4,KCCA,away,11,Ivan Ahimbisibwe,002011M95,starting,no,no,0,68,68
UPL,2025/26,EXPRESS-vs-KCCA,4,KCCA,away,15,Enock Walusimbi,001697M98,starting,no,no,0,,90
UPL,2025/26,EXPRESS-vs-KCCA,4,KCCA,away,16,Fillbert Obenchan,000649M96,starting,no,no,0,,90
UPL,2025/26,EXPRESS-vs-KCCA,4,KCCA,away,18,Umar Lutalo,024772M03,starting,no,no,0,53,53
UPL,2025/26,EXPRESS-vs-KCCA,4,KCCA,away,19,Shafik Nana Kwikiriza,040861M04,starting,no,no,0,68,68
UPL,2025/26,EXPRESS-vs-KCCA,4,KCCA,away,22,Joel Sserunjogi,005883M04,starting,no,no,0,,90
UPL,2025/26,EXPRESS-vs-KCCA,4,EXPRESS,home,,OLOYA MOSES,063678M92,substitute,no,no,81,,9
UPL,2025/26,EXPRESS-vs-KCCA,4,EXPRESS,home,2,Peter Onzima,000956M94,substitute,no,no,58,,32
UPL,2025/26,EXPRESS-vs-KCCA,4,EXPRESS,home,4,ALLI ISMAEL,065960M08,substitute,no,no,76,,14
UPL,2025/26,EXPRESS-vs-KCCA,4,EXPRESS,home,9,Habert Asiimwe,015651M97,substitute,no,no,,,0
UPL,2025/26,EXPRESS-vs-KCCA,4,EXPRESS,home,15,VICTOR KANANURA KAHINDI,065959M09,substitute,no,no,,,0
UPL,2025/26,EXPRESS-vs-KCCA,4,EXPRESS,home,17,Mikidadi Ssenyonga,009184M97,substitute,no,no,76,,14
UPL,2025/26,EXPRESS-vs-KCCA,4,EXPRESS,home,22,Yosia Kisa,033521M01,substitute,no,no,58,,32
UPL,2025/26,EXPRESS-vs-KCCA,4,EXPRESS,home,27,Khassim Hafizi,010898M04,substitute,no,no,,,0
UPL,2025/26,EXPRESS-vs-KCCA,4,EXPRESS,home,30,Elvis Ssekajjugo,063477M06,substitute,no,no,,,0
UPL,2025/26,EXPRESS-vs-KCCA,4,KCCA,away,01,Mutwalibi Mugolofa,001733M00,substitute,no,no,,,0
UPL,2025/26,EXPRESS-vs-KCCA,4,KCCA,away,5,Sharifu Ssengendo,055880M05,substitute,no,no,87,,3
UPL,2025/26,EXPRESS-vs-KCCA,4,KCCA,away,8,Alpha Thierry Ssali,006081M03,substitute,no,no,,,0
UPL,2025/26,EXPRESS-vs-KCCA,4,KCCA,away,13,Peter Magambo,001755M99,substitute,no,no,87,,3
UPL,2025/26,EXPRESS-vs-KCCA,4,KCCA,away,14,Rogers Mugisha,058292M03,substitute,no,no,,,0
UPL,2025/26,EXPRESS-vs-KCCA,4,KCCA,away,17,Ashraf Mugume,001580M98,substitute,no,no,53,,37
UPL,2025/26,EXPRESS-vs-KCCA,4,KCCA,away,20,Emmanuel Anyama,012569M98,substitute,no,no,68,,22
UPL,2025/26,EXPRESS-vs-KCCA,4,KCCA,away,21,Gavin Mugweri Kizito,006315M02,substitute,no,no,,,0
UPL,2025/26,EXPRESS-vs-KCCA,4,KCCA,away,27,Lazaro Muhindo,058232M07,substitute,no,no,,,0
UPL,2025/26,EXPRESS-vs-KCCA,4,KCCA,away,28,Humphrey Oyirwoth,044066M04,substitute,no,no,,,0
UPL,2025/26,EXPRESS-vs-KCCA,4,KCCA,away,29,Haruna Lukwago,021673M04,substitute,no,no,,,0
UPL,2025/26,EXPRESS-vs-KCCA,4,KCCA,away,30,Alex Yiga,033201M06,substitute,no,no,68,,22
UPL,2025/26,KITARA-vs-MBARARA,4,KITARA,home,1,James Alitho,000362M95,starting,no,yes,0,,90
UPL,2025/26,KITARA-vs-MBARARA,4,KITARA,home,6,Baguma Jasper Aheebwa,000997M01,starting,yes,no,0,,90
UPL,2025/26,KITARA-vs-MBARARA,4,KITARA,home,4,Frank Tumwesigye,000536M99,starting,no,no,0,77,77
UPL,2025/26,KITARA-vs-MBARARA,4,KITARA,home,5,Murushid Juuko,021283M94,starting,no,no,0,,90
UPL,2025/26,KITARA-vs-MBARARA,4,KITARA,home,8,Hussein Ssenoga,005997M98,starting,no,no,0,52,52
UPL,2025/26,KITARA-vs-MBARARA,4,KITARA,home,13,Emmanuel Alex Wasswa,005641M93,starting,no,no,0,77,77
UPL,2025/26,KITARA-vs-MBARARA,4,KITARA,home,15,Jimmy Kalema,031277M05,starting,no,no,0,,90
UPL,2025/26,KITARA-vs-MBARARA,4,KITARA,home,17,Benjamin Nyakoojo,000626M97,starting,no,no,0,64,64
UPL,2025/26,KITARA-vs-MBARARA,4,KITARA,home,26,Edward Namaasa,044748M05,starting,no,no,0,,90
UPL,2025/26,KITARA-vs-MBARARA,4,KITARA,home,27,Isaac Amutuhaire,044871M03,starting,no,no,0,,90
UPL,2025/26,KITARA-vs-MBARARA,4,KITARA,home,29,Amir Kakomo,056081M04,starting,no,no,0,64,64
UPL,2025/26,KITARA-vs-MBARARA,4,MBARARA,away,18,Emuran Fahad,020210M01,starting,no,yes,0,,90
UPL,2025/26,KITARA-vs-MBARARA,4,MBARARA,away,5,Ibrahim Thembo,002051M99,starting,yes,no,0,,90
UPL,2025/26,KITARA-vs-MBARARA,4,MBARARA,away,3,Innocent Wafula Esimu,008629M96,starting,no,no,0,,90
UPL,2025/26,KITARA-vs-MBARARA,4,MBARARA,away,8,Ian Amanya,003379M96,starting,no,no,0,64,64
UPL,2025/26,KITARA-vs-MBARARA,4,MBARARA,away,9,Henry Kitegenyi,055878M04,starting,no,no,0,81,81
UPL,2025/26,KITARA-vs-MBARARA,4,MBARARA,away,14,Latif Ssenkubuge,027525M00,starting,no,no,0,64,64
UPL,2025/26,KITARA-vs-MBARARA,4,MBARARA,away,15,Reagan Matege,027324M98,starting,no,no,0,,90
UPL,2025/26,KITARA-vs-MBARARA,4,MBARARA,away,16,Ambrose Arinda,057902M06,starting,no,no,0,46,46
UPL,2025/26,KITARA-vs-MBARARA,4,MBARARA,away,19,Gabriel Eragu,002769M93,starting,no,no,0,,90
UPL,2025/26,KITARA-vs-MBARARA,4,MBARARA,away,22,Denis Kaka Omony,001160M00,starting,no,no,0,27,27
UPL,2025/26,KITARA-vs-MBARARA,4,MBARARA,away,24,Sulaiman Ssesaazi,002522M96,starting,no,no,0,,90
UPL,2025/26,KITARA-vs-MBARARA,4,KITARA,home,2,Nemeyimana Samuel Kato,009931M98,substitute,no,no,,,0
UPL,2025/26,KITARA-vs-MBARARA,4,KITARA,home,3,Muyomba Henry Musisi,002519M92,substitute,no,no,,,0
UPL,2025/26,KITARA-vs-MBARARA,4,KITARA,home,7,Yunusu Sibira,024588M95,substitute,no,no,52,,38
UPL,2025/26,KITARA-vs-MBARARA,4,KITARA,home,10,John Bosco Byaruhanga,063740M02,substitute,no,no,,,0
UPL,2025/26,KITARA-vs-MBARARA,4,KITARA,home,11,Wahab Gadafi,000370M99,substitute,no,no,64,,26
UPL,2025/26,KITARA-vs-MBARARA,4,KITARA,home,14,Denis Monday,001396M92,substitute,no,no,,,0
UPL,2025/26,KITARA-vs-MBARARA,4,KITARA,home,16,Eddy Ssebandeke,002928M01,substitute,no,no,77,,13
UPL,2025/26,KITARA-vs-MBARARA,4,KITARA,home,18,Meddie Kibirige,000417M96,substitute,no,no,,,0
UPL,2025/26,KITARA-vs-MBARARA,4,KITARA,home,19,John Byamukama,002193M95,substitute,no,no,,,0
UPL,2025/26,KITARA-vs-MBARARA,4,KITARA,home,20,Crispus Asiki,058415M02,substitute,no,no,,,0
UPL,2025/26,KITARA-vs-MBARARA,4,KITARA,home,22,Isaac Doka Mweru,008319M96,substitute,no,no,77,,13
UPL,2025/26,KITARA-vs-MBARARA,4,KITARA,home,23,Isa Muzeeyi Lumu,004443M95,substitute,no,no,64,,26
UPL,2025/26,KITARA-vs-MBARARA,4,MBARARA,away,6,Francis Odongo,009525M97,substitute,no,no,81,,9
UPL,2025/26,KITARA-vs-MBARARA,4,MBARARA,away,10,Clinton Davico Kamugisha,001602M99,substitute,no,no,,,0
UPL,2025/26,KITARA-vs-MBARARA,4,MBARARA,away,11,Mike Walaga,006072M93,substitute,no,no,27,,63
UPL,2025/26,KITARA-vs-MBARARA,4,MBARARA,away,17,Nasur Almahad Sadik,015036M01,substitute,no,no,,,0
UPL,2025/26,KITARA-vs-MBARARA,4,MBARARA,away,20,Gadaffi Kacancu,001771M92,substitute,no,no,46,,44
UPL,2025/26,KITARA-vs-MBARARA,4,MBARARA,away,26,Muhammed Kanyike,042577M03,substitute,no,no,,,0
UPL,2025/26,KITARA-vs-MBARARA,4,MBARARA,away,28,Abudul Malik Bironse,025236M04,substitute,no,no,,,0
UPL,2025/26,KITARA-vs-MBARARA,4,MBARARA,away,30,Thomas Kakaire,001734M03,substitute,no,no,64,,26
UPL,2025/26,KITARA-vs-MBARARA,4,MBARARA,away,40,Stuart Hussein Kafuluma,065958M09,substitute,no,no,64,,26
UPL,2025/26,VILLA-vs-POLICE,4,Villa,home,23,David Lukwago,031565M02,starting,no,yes,0,,90
UPL,2025/26,VILLA-vs-POLICE,4,Villa,home,15,David Owori,000506M98,starting,yes,no,0,,90
UPL,2025/26,VILLA-vs-POLICE,4,Villa,home,4,Geoffrey Lubanga Kene,000824M96,starting,no,no,0,,90
UPL,2025/26,VILLA-vs-POLICE,4,Villa,home,5,Reagan Mpande,001189M00,starting,no,no,0,74,74
UPL,2025/26,VILLA-vs-POLICE,4,Villa,home,6,Simon Kato Ssemayange,010603M97,starting,no,no,0,,90
UPL,2025/26,VILLA-vs-POLICE,4,Villa,home,12,Ibrahim Kasinde,062054M03,starting,no,no,0,46,46
UPL,2025/26,VILLA-vs-POLICE,4,Villa,home,16,Cyrus Kibande,000999M96,starting,no,no,0,74,74
UPL,2025/26,VILLA-vs-POLICE,4,Villa,home,17,Najib Yiga,006318M02,starting,no,no,0,74,74
UPL,2025/26,VILLA-vs-POLICE,4,Villa,home,19,Missi Diego Semugera,002791M95,starting,no,no,0,,90
UPL,2025/26,VILLA-vs-POLICE,4,Villa,home,22,Aslam Ssemakula,031580M99,starting,no,no,0,46,46
UPL,2025/26,VILLA-vs-POLICE,4,Villa,home,26,Hassan Mubiru,031869M04,starting,no,no,0,,90
UPL,2025/26,VILLA-vs-POLICE,4,POLICE,away,25,Mathias Muwanga,000391M97,starting,no,yes,0,,90
UPL,2025/26,VILLA-vs-POLICE,4,POLICE,away,16,Saidi Kyeyune,000664M93,starting,yes,no,0,79,79
UPL,2025/26,VILLA-vs-POLICE,4,POLICE,away,3,Richard Matovu,001863M98,starting,no,no,0,,90
UPL,2025/26,VILLA-vs-POLICE,4,POLICE,away,4,Benon Tahomera,004483M96,starting,no,no,0,,90
UPL,2025/26,VILLA-vs-POLICE,4,POLICE,away,6,Daniel Jakony,022744M00,starting,no,no,0,,90
UPL,2025/26,VILLA-vs-POLICE,4,POLICE,away,10,Dennis Kalanzi,055884M06,starting,no,no,0,58,58
UPL,2025/26,VILLA-vs-POLICE,4,POLICE,away,11,Lawrence Tezikya,017848M98,starting,no,no,0,58,58
UPL,2025/26,VILLA-vs-POLICE,4,POLICE,away,15,Bedia Djuma Ikamba,065938M04,starting,no,no,0,79,79
UPL,2025/26,VILLA-vs-POLICE,4,POLICE,away,19,Brian James Obedi,023009M00,starting,no,no,0,44,44
UPL,2025/26,VILLA-vs-POLICE,4,POLICE,away,26,Rayn Figo Kizito,032556M05,starting,no,no,0,,90
UPL,2025/26,VILLA-vs-POLICE,4,POLICE,away,30,Stephen Namaisi,022529M05,starting,no,no,0,,90
UPL,2025/26,VILLA-vs-POLICE,4,Villa,home,1,Norman Angufindru,008015M94,substitute,no,no,,,0
UPL,2025/26,VILLA-vs-POLICE,4,Villa,home,3,Frank Mulimi,021650M00,substitute,no,no,,,0
UPL,2025/26,VILLA-vs-POLICE,4,Villa,home,8,Elivis Ngonde,005096M02,substitute,no,no,74,,16
UPL,2025/26,VILLA-vs-POLICE,4,Villa,home,9,Frank Ssebufu,000408M02,substitute,no,no,,,0
UPL,2025/26,VILLA-vs-POLICE,4,Villa,home,11,Jerome Otim,033445M02,substitute,no,no,,,0
UPL,2025/26,VILLA-vs-POLICE,4,Villa,home,13,Ali Arshavin Bayo,001599M97,substitute,no,no,,,0
UPL,2025/26,VILLA-vs-POLICE,4,Villa,home,14,Charles Lwanga,008672M00,substitute,no,no,46,,44
UPL,2025/26,VILLA-vs-POLICE,4,Villa,home,20,Geofrey Gagganga,001322M99,substitute,no,no,46,,44
UPL,2025/26,VILLA-vs-POLICE,4,Villa,home,21,Andrew Otim,052048M99,substitute,no,no,74,,16
UPL,2025/26,VILLA-vs-POLICE,4,Villa,home,24,Jeans Braddy Wokorach,002173M96,substitute,no,no,,,0
UPL,2025/26,VILLA-vs-POLICE,4,Villa,home,27,Raymon Barasa Mangoli,039141M07,substitute,no,no,74,,16
UPL,2025/26,VILLA-vs-POLICE,4,Villa,home,30,Merickzedek Mangeni,064911M06,substitute,no,no,,,0
UPL,2025/26,VILLA-vs-POLICE,4,POLICE,away,8,Ivan Eyamu,001898M01,substitute,no,no,,,0
UPL,2025/26,VILLA-vs-POLICE,4,POLICE,away,9,Umaru Kasumba,063887M94,substitute,no,no,79,,11
UPL,2025/26,VILLA-vs-POLICE,4,POLICE,away,14,Allan Bukenya,003705M96,substitute,no,no,,,0
UPL,2025/26,VILLA-vs-POLICE,4,POLICE,away,17,Charles Bbaale,008955M94,substitute,no,no,58,,32
UPL,2025/26,VILLA-vs-POLICE,4,POLICE,away,20,Deus Bukenya,024723M95,substitute,no,no,,,0
UPL,2025/26,VILLA-vs-POLICE,4,POLICE,away,21,Sizwe Mario Gwebu,065939M03,substitute,no,no,58,,32
UPL,2025/26,VILLA-vs-POLICE,4,POLICE,away,22,Tonny Kiwalazi,006255M00,substitute,no,no,,,0
UPL,2025/26,VILLA-vs-POLICE,4,POLICE,away,24,Edward Kasibante,001902M98,substitute,no,no,,,0
UPL,2025/26,VILLA-vs-POLICE,4,POLICE,away,27,Emmanuel Mugume,015168M03,substitute,no,no,79,,11
UPL,2025/26,VILLA-vs-POLICE,4,POLICE,away,28,Abudshakur Ramsey Jemba,010972M05,substitute,no,no,44,,46
UPL,2025/26,ENTEBBE-vs-NEC,4,ENTEBBE,home,24,Rogers Omedwa,006042M92,starting,no,yes,0,,90
UPL,2025/26,ENTEBBE-vs-NEC,4,ENTEBBE,home,15,Musitafa Mujuzi,000489M99,starting,yes,no,0,,90
UPL,2025/26,ENTEBBE-vs-NEC,4,ENTEBBE,home,05,Ahmed Amayo,009911M99,starting,no,no,0,,90
UPL,2025/26,ENTEBBE-vs-NEC,4,ENTEBBE,home,7,Julius Poloto,000570M99,starting,no,no,0,35,35
UPL,2025/26,ENTEBBE-vs-NEC,4,ENTEBBE,home,8,Steven Munguchi,002584M95,starting,no,no,0,,90
UPL,2025/26,ENTEBBE-vs-NEC,4,ENTEBBE,home,9,Fazil Tumwine,051245M05,starting,no,no,0,81,81
UPL,2025/26,ENTEBBE-vs-NEC,4,ENTEBBE,home,10,Junior Samuel Kawawa,026859M97,starting,no,no,0,,90
UPL,2025/26,ENTEBBE-vs-NEC,4,ENTEBBE,home,12,Hassan Ssenyonjo,009233M00,starting,no,no,0,64,64
UPL,2025/26,ENTEBBE-vs-NEC,4,ENTEBBE,home,13,Jonathan Gift Odongo,002867M98,starting,no,no,0,,90
UPL,2025/26,ENTEBBE-vs-NEC,4,ENTEBBE,home,17,Issa Bugembe,024771M04,starting,no,no,0,,90
UPL,2025/26,ENTEBBE-vs-NEC,4,ENTEBBE,home,23,Isa Mubiru,000276M96,starting,no,no,0,,90
UPL,2025/26,ENTEBBE-vs-NEC,4,NEC,away,19,Hannington Sebwalunyo,000335M89,starting,no,yes,0,,90
UPL,2025/26,ENTEBBE-vs-NEC,4,NEC,away,8,Marvin Kavuma,019159M95,starting,yes,no,0,,90
UPL,2025/26,ENTEBBE-vs-NEC,4,NEC,away,,Geriga Atendele,005528M95,starting,no,no,0,,90
UPL,2025/26,ENTEBBE-vs-NEC,4,NEC,away,,CHARLES MOSES WAIBI,032004M02,starting,no,no,0,54,54
UPL,2025/26,ENTEBBE-vs-NEC,4,NEC,away,6,Ibrahim Kiyemba,000537M95,starting,no,no,0,,90
UPL,2025/26,ENTEBBE-vs-NEC,4,NEC,away,13,Shamiru Kimwero,055885M06,starting,no,no,0,67,67
UPL,2025/26,ENTEBBE-vs-NEC,4,NEC,away,15,Joseph Seremba,025443M04,starting,no,no,0,54,54
UPL,2025/26,ENTEBBE-vs-NEC,4,NEC,away,17,Gideon Odongo,013429M99,starting,no,no,0,,90
UPL,2025/26,ENTEBBE-vs-NEC,4,NEC,away,20,Dhata Joseph Stephen Lujang,021295M02,starting,no,no,0,67,67
UPL,2025/26,ENTEBBE-vs-NEC,4,NEC,away,23,Patrick Bayiga,003236M93,starting,no,no,0,,90
UPL,2025/26,ENTEBBE-vs-NEC,4,NEC,away,28,Emmanuel Kulanga,036009M06,starting,no,no,0,54,54
UPL,2025/26,ENTEBBE-vs-NEC,4,ENTEBBE,home,6,Sam Kintu,000495M95,substitute,no,no,,,0
UPL,2025/26,ENTEBBE-vs-NEC,4,ENTEBBE,home,11,Noordin Saddic Bunjo,000445M99,substitute,no,no,,,0
UPL,2025/26,ENTEBBE-vs-NEC,4,ENTEBBE,home,14,Denis Otim,002882M99,substitute,no,no,,,0
UPL,2025/26,ENTEBBE-vs-NEC,4,ENTEBBE,home,16,Emmanuel Iisat,044680M03,substitute,no,no,64,,26
UPL,2025/26,ENTEBBE-vs-NEC,4,ENTEBBE,home,18,John Kokas Alou,001667M02,substitute,no,no,,,0
UPL,2025/26,ENTEBBE-vs-NEC,4,ENTEBBE,home,19,Ambrose Kigozi,024680M96,substitute,no,no,81,,9
UPL,2025/26,ENTEBBE-vs-NEC,4,ENTEBBE,home,21,Muhammad Kyeyune,006276M00,substitute,no,no,35,,55
UPL,2025/26,ENTEBBE-vs-NEC,4,ENTEBBE,home,22,Marvin Mukiibi,031945M03,substitute,no,no,,,0
UPL,2025/26,ENTEBBE-vs-NEC,4,ENTEBBE,home,25,George Kiryowa,001427M97,substitute,no,no,,,0
UPL,2025/26,ENTEBBE-vs-NEC,4,ENTEBBE,home,26,Yusuf Bogere,040860M05,substitute,no,no,,,0
UPL,2025/26,ENTEBBE-vs-NEC,4,ENTEBBE,home,27,Charles Okello Batiibwe,027001M05,substitute,no,no,,,0
UPL,2025/26,ENTEBBE-vs-NEC,4,NEC,away,,Mustafa Kizza,001756M99,substitute,no,no,,,0
UPL,2025/26,ENTEBBE-vs-NEC,4,NEC,away,1,Samson Kiirya,000563M95,substitute,no,no,,,0
UPL,2025/26,ENTEBBE-vs-NEC,4,NEC,away,7,Emmanuel Ajo,033093M00,substitute,no,no,,,0
UPL,2025/26,ENTEBBE-vs-NEC,4,NEC,away,10,Allan Mugalu,006920M96,substitute,no,no,54,,36
UPL,2025/26,ENTEBBE-vs-NEC,4,NEC,away,14,Paul Mucureezi,000375M93,substitute,no,no,67,,23
UPL,2025/26,ENTEBBE-vs-NEC,4,NEC,away,16,Ibrahim Musa,041109M03,substitute,no,no,,,0
UPL,2025/26,ENTEBBE-vs-NEC,4,NEC,away,18,Muzamiru Mutyaba,000542M93,substitute,no,no,,,0
UPL,2025/26,ENTEBBE-vs-NEC,4,NEC,away,26,Jackson Ssembatya,065371M05,substitute,no,no,,,0
UPL,2025/26,ENTEBBE-vs-NEC,4,NEC,away,27,James Jarieko,008348M03,substitute,no,no,54,,36
UPL,2025/26,ENTEBBE-vs-NEC,4,NEC,away,30,Hudson Mbalire,057901M05,substitute,no,no,67,,23
UPL,2025/26,ENTEBBE-vs-NEC,4,NEC,away,31,Siraje Ssentamu,000398M95,substitute,no,no,54,,36
UPL,2025/26,POLICE-vs-MAROONS,5,POLICE,home,25,Mathias Muwanga,000391M97,starting,no,yes,0,,90
UPL,2025/26,POLICE-vs-MAROONS,5,POLICE,home,22,Tonny Kiwalazi,006255M00,starting,yes,no,0,,90
UPL,2025/26,POLICE-vs-MAROONS,5,POLICE,home,3,Richard Matovu,001863M98,starting,no,no,0,,90
UPL,2025/26,POLICE-vs-MAROONS,5,POLICE,home,4,Benon Tahomera,004483M96,starting,no,no,0,,90
UPL,2025/26,POLICE-vs-MAROONS,5,POLICE,home,6,Daniel Jakony,022744M00,starting,no,no,0,,90
UPL,2025/26,POLICE-vs-MAROONS,5,POLICE,home,10,Dennis Kalanzi,055884M06,starting,no,no,0,71,71
UPL,2025/26,POLICE-vs-MAROONS,5,POLICE,home,11,Lawrence Tezikya,017848M98,starting,no,no,0,71,71
UPL,2025/26,POLICE-vs-MAROONS,5,POLICE,home,15,Bedia Djuma Ikamba,065938M04,starting,no,no,0,,90
UPL,2025/26,POLICE-vs-MAROONS,5,POLICE,home,21,Sizwe Mario Gwebu,065939M03,starting,no,no,0,49,49
UPL,2025/26,POLICE-vs-MAROONS,5,POLICE,home,26,Rayn Figo Kizito,032556M05,starting,no,no,0,,90
UPL,2025/26,POLICE-vs-MAROONS,5,POLICE,home,28,Abudshakur Ramsey Jemba,010972M05,starting,no,no,0,49,49
UPL,2025/26,POLICE-vs-MAROONS,5,MAROONS,away,18,Matovu Hassan Muyomba,008708M98,starting,no,yes,0,,90
UPL,2025/26,POLICE-vs-MAROONS,5,MAROONS,away,2,Edward Kabona,002232M94,starting,yes,no,0,,90
UPL,2025/26,POLICE-vs-MAROONS,5,MAROONS,away,3,Fredrick Nickolas Kigozi,002204M95,starting,no,no,0,,90
UPL,2025/26,POLICE-vs-MAROONS,5,MAROONS,away,4,Apollo Kagogwe,006244M03,starting,no,no,0,80,80
UPL,2025/26,POLICE-vs-MAROONS,5,MAROONS,away,5,Norman Borniface Odipio,001091M01,starting,no,no,0,,90
UPL,2025/26,POLICE-vs-MAROONS,5,MAROONS,away,7,Mujahid Ogama,000627M98,starting,no,no,0,,90
UPL,2025/26,POLICE-vs-MAROONS,5,MAROONS,away,9,Dickson Niwamanya,002028M94,starting,no,no,0,33,33
UPL,2025/26,POLICE-vs-MAROONS,5,MAROONS,away,15,Borris Onegi,018419M97,starting,no,no,0,,90
UPL,2025/26,POLICE-vs-MAROONS,5,MAROONS,away,16,Rogers Kiwanuka,003306M01,starting,no,no,0,67,67
UPL,2025/26,POLICE-vs-MAROONS,5,MAROONS,away,19,Brian Nkuubi,000463M93,starting,no,no,0,,90
UPL,2025/26,POLICE-vs-MAROONS,5,MAROONS,away,20,Abel Michael Eturude,000572M97,starting,no,no,0,69,69
UPL,2025/26,POLICE-vs-MAROONS,5,POLICE,home,7,Reagan Steven Male,002310M99,substitute,no,no,,,0
UPL,2025/26,POLICE-vs-MAROONS,5,POLICE,home,8,Ivan Eyamu,001898M01,substitute,no,no,49,,41
UPL,2025/26,POLICE-vs-MAROONS,5,POLICE,home,9,Umaru Kasumba,063887M94,substitute,no,no,,,0
UPL,2025/26,POLICE-vs-MAROONS,5,POLICE,home,12,Derrick Maviiri,036031M07,substitute,no,no,71,,19
UPL,2025/26,POLICE-vs-MAROONS,5,POLICE,home,13,Samuel Kayongo,000365M92,substitute,no,no,71,,19
UPL,2025/26,POLICE-vs-MAROONS,5,POLICE,home,14,Allan Bukenya,003705M96,substitute,no,no,,,0
UPL,2025/26,POLICE-vs-MAROONS,5,POLICE,home,20,Deus Bukenya,024723M95,substitute,no,no,,,0
UPL,2025/26,POLICE-vs-MAROONS,5,POLICE,home,24,Edward Kasibante,001902M98,substitute,no,no,,,0
UPL,2025/26,POLICE-vs-MAROONS,5,POLICE,home,27,Emmanuel Mugume,015168M03,substitute,no,no,49,,41
UPL,2025/26,POLICE-vs-MAROONS,5,MAROONS,away,1,Amir Nalugoda,009973M99,substitute,no,no,,,0
UPL,2025/26,POLICE-vs-MAROONS,5,MAROONS,away,6,Felix Okot,000455M96,substitute,no,no,,,0
UPL,2025/26,POLICE-vs-MAROONS,5,MAROONS,away,8,Ronald Orombi,000636M93,substitute,no,no,,,0
UPL,2025/26,POLICE-vs-MAROONS,5,MAROONS,away,10,Ivan Mayanja,052610M04,substitute,no,no,69,,21
UPL,2025/26,POLICE-vs-MAROONS,5,MAROONS,away,12,Jackson Nunda,001358M91,substitute,no,no,33,,57
UPL,2025/26,POLICE-vs-MAROONS,5,MAROONS,away,13,Emmanuel Obua,004874M00,substitute,no,no,67,,23
UPL,2025/26,POLICE-vs-MAROONS,5,MAROONS,away,22,Deni Rukundo,009318M96,substitute,no,no,,,0
UPL,2025/26,POLICE-vs-MAROONS,5,MAROONS,away,23,Derick Basoga,002160M96,substitute,no,no,,,0
UPL,2025/26,POLICE-vs-MAROONS,5,MAROONS,away,24,Simon Tamale,000517M94,substitute,no,no,,,0
UPL,2025/26,POLICE-vs-MAROONS,5,MAROONS,away,25,Ivan Asaba,001723M03,substitute,no,no,80,,10
UPL,2025/26,POLICE-vs-MAROONS,5,MAROONS,away,29,JAMAL SSEMWOGERERE,043270M06,substitute,no,no,,,0
UPL,2025/26,URA-vs-UPDF,5,URA,home,16,Chrispas Kusiima,002270M98,starting,no,yes,0,,90
UPL,2025/26,URA-vs-UPDF,5,URA,home,7,Moses Okabo Aliro,008911M96,starting,yes,no,0,,90
UPL,2025/26,URA-vs-UPDF,5,URA,home,3,Hudu Mulikyi,000397M95,starting,no,no,0,,90
UPL,2025/26,URA-vs-UPDF,5,URA,home,8,Nicholas Kabonge,002860M98,starting,no,no,0,65,65
UPL,2025/26,URA-vs-UPDF,5,URA,home,9,Joseph Ssemujju,001464M97,starting,no,no,0,82,82
UPL,2025/26,URA-vs-UPDF,5,URA,home,12,Nelson Senkatuka,000614M97,starting,no,no,0,82,82
UPL,2025/26,URA-vs-UPDF,5,URA,home,13,Faizo Matovu,006969M97,starting,no,no,0,,90
UPL,2025/26,URA-vs-UPDF,5,URA,home,14,George Masembe,045544M05,starting,no,no,0,65,65
UPL,2025/26,URA-vs-UPDF,5,URA,home,20,Ibrahim Wamannah,001134M97,starting,no,no,0,,90
UPL,2025/26,URA-vs-UPDF,5,URA,home,23,Amisi Bwangani,019947M03,starting,no,no,0,65,65
UPL,2025/26,URA-vs-UPDF,5,URA,home,27,Justine Opiro,008877M03,starting,no,no,0,,90
UPL,2025/26,URA-vs-UPDF,5,UPDF,away,01,Abdul Kimera,001836M95,starting,no,yes,0,,90
UPL,2025/26,URA-vs-UPDF,5,UPDF,away,4,Bernard Muwanga,000569M93,starting,yes,no,0,,90
UPL,2025/26,URA-vs-UPDF,5,UPDF,away,7,Rashid Faridi,009798M96,starting,no,no,0,71,71
UPL,2025/26,URA-vs-UPDF,5,UPDF,away,8,Joseph Janjali,001385M96,starting,no,no,0,71,71
UPL,2025/26,URA-vs-UPDF,5,UPDF,away,11,Samson Andrew Kigozi,000319M95,starting,no,no,0,87,87
UPL,2025/26,URA-vs-UPDF,5,UPDF,away,12,Ronald Kayondo,007049M98,starting,no,no,0,,90
UPL,2025/26,URA-vs-UPDF,5,UPDF,away,15,Swaibu Kasujja Kalule,010608M96,starting,no,no,0,,90
UPL,2025/26,URA-vs-UPDF,5,UPDF,away,16,Aggrey Kiirya,000260M97,starting,no,no,0,,90
UPL,2025/26,URA-vs-UPDF,5,UPDF,away,18,IBRAHIM MAKUMBI,009788M97,starting,no,no,0,87,87
UPL,2025/26,URA-vs-UPDF,5,UPDF,away,22,FRANK GLADISON MUGISA,019194M98,starting,no,no,0,87,87
UPL,2025/26,URA-vs-UPDF,5,UPDF,away,23,Samuel Kayongo Ssekamatte,001757M93,starting,no,no,0,,90
UPL,2025/26,URA-vs-UPDF,5,URA,home,4,Norman Namanya,001766M00,substitute,no,no,65,,25
UPL,2025/26,URA-vs-UPDF,5,URA,home,06,Abraham Kakensa Tusubira,006815M94,substitute,no,no,,,0
UPL,2025/26,URA-vs-UPDF,5,URA,home,10,Laban Tibiita,001470M02,substitute,no,no,82,,8
UPL,2025/26,URA-vs-UPDF,5,URA,home,11,Living Kabon,000206M97,substitute,no,no,65,,25
UPL,2025/26,URA-vs-UPDF,5,URA,home,15,Joshua Letti Lubwama,001360M95,substitute,no,no,,,0
UPL,2025/26,URA-vs-UPDF,5,URA,home,21,Fred Amaku,001609M95,substitute,no,no,82,,8
UPL,2025/26,URA-vs-UPDF,5,URA,home,24,Muhamad Ssekkeba,000658M95,substitute,no,no,,,0
UPL,2025/26,URA-vs-UPDF,5,URA,home,25,Shafik Lugoloobi,012665M01,substitute,no,no,,,0
UPL,2025/26,URA-vs-UPDF,5,URA,home,26,JOHN INNOCENT KISOLO,043298M06,substitute,no,no,65,,25
UPL,2025/26,URA-vs-UPDF,5,UPDF,away,2,Derrick Jim Ssekulima,021248M91,substitute,no,no,,,0
UPL,2025/26,URA-vs-UPDF,5,UPDF,away,5,Denis Sekitoleko,000763M87,substitute,no,no,,,0
UPL,2025/26,URA-vs-UPDF,5,UPDF,away,9,Kitara Daniel,006220M97,substitute,no,no,,,0
UPL,2025/26,URA-vs-UPDF,5,UPDF,away,14,Shafic kakande,001710M03,substitute,no,no,87,,3
UPL,2025/26,URA-vs-UPDF,5,UPDF,away,20,Brian Kalumba,005725M98,substitute,no,no,87,,3
UPL,2025/26,URA-vs-UPDF,5,UPDF,away,21,Emmanuel Manu Ochen,004763M97,substitute,no,no,71,,19
UPL,2025/26,URA-vs-UPDF,5,UPDF,away,26,Enrique Lubwama,036011M06,substitute,no,no,87,,3
UPL,2025/26,URA-vs-UPDF,5,UPDF,away,27,Shamulan Kamya,026590M04,substitute,no,no,,,0
UPL,2025/26,URA-vs-UPDF,5,UPDF,away,30,Asaph Ssegujja,006418M01,substitute,no,no,71,,19
UPL,2025/26,KITARA-vs-LUGAZI,5,KITARA,home,1,James Alitho,000362M95,starting,no,yes,0,,90
UPL,2025/26,KITARA-vs-LUGAZI,5,KITARA,home,6,Baguma Jasper Aheebwa,000997M01,starting,yes,no,0,,90
UPL,2025/26,KITARA-vs-LUGAZI,5,KITARA,home,5,Murushid Juuko,021283M94,starting,no,no,0,,90
UPL,2025/26,KITARA-vs-LUGAZI,5,KITARA,home,8,Hussein Ssenoga,005997M98,starting,no,no,0,64,64
UPL,2025/26,KITARA-vs-LUGAZI,5,KITARA,home,12,Patrick Henry Kaddu,058296M95,starting,no,no,0,64,64
UPL,2025/26,KITARA-vs-LUGAZI,5,KITARA,home,13,Emmanuel Alex Wasswa,005641M93,starting,no,no,0,46,46
UPL,2025/26,KITARA-vs-LUGAZI,5,KITARA,home,15,Jimmy Kalema,031277M05,starting,no,no,0,78,78
UPL,2025/26,KITARA-vs-LUGAZI,5,KITARA,home,23,Isa Muzeeyi Lumu,004443M95,starting,no,no,0,,90
UPL,2025/26,KITARA-vs-LUGAZI,5,KITARA,home,26,Edward Namaasa,044748M05,starting,no,no,0,,90
UPL,2025/26,KITARA-vs-LUGAZI,5,KITARA,home,27,Isaac Amutuhaire,044871M03,starting,no,no,0,,90
UPL,2025/26,KITARA-vs-LUGAZI,5,KITARA,home,29,Amir Kakomo,056081M04,starting,no,no,0,28,28
UPL,2025/26,KITARA-vs-LUGAZI,5,LUGAZI,away,,Juma Mutebi,042164M02,starting,no,yes,0,,90
UPL,2025/26,KITARA-vs-LUGAZI,5,LUGAZI,away,24,Ayiko Richard,000452M93,starting,yes,no,0,49,49
UPL,2025/26,KITARA-vs-LUGAZI,5,LUGAZI,away,3,Dauson Mafumu,044021M03,starting,no,no,0,39,39
UPL,2025/26,KITARA-vs-LUGAZI,5,LUGAZI,away,12,Sharif Saaka,009834M91,starting,no,no,0,,90
UPL,2025/26,KITARA-vs-LUGAZI,5,LUGAZI,away,13,David Bagoole,006295M96,starting,no,no,0,,90
UPL,2025/26,KITARA-vs-LUGAZI,5,LUGAZI,away,16,Abdul Kalanzi,007342M03,starting,no,no,0,69,69
UPL,2025/26,KITARA-vs-LUGAZI,5,LUGAZI,away,17,Paul Wasswa,002518M99,starting,no,no,0,,90
UPL,2025/26,KITARA-vs-LUGAZI,5,LUGAZI,away,19,Alfred Leku,017845M97,starting,no,no,0,,90
UPL,2025/26,KITARA-vs-LUGAZI,5,LUGAZI,away,20,Amos Etojo,002129M94,starting,no,no,0,69,69
UPL,2025/26,KITARA-vs-LUGAZI,5,LUGAZI,away,21,Rogers Atube,007798M94,starting,no,no,0,,90
UPL,2025/26,KITARA-vs-LUGAZI,5,LUGAZI,away,27,Freedom Mungudit,057827M06,starting,no,no,0,69,69
UPL,2025/26,KITARA-vs-LUGAZI,5,KITARA,home,2,Nemeyimana Samuel Kato,009931M98,substitute,no,no,,,0
UPL,2025/26,KITARA-vs-LUGAZI,5,KITARA,home,3,Muyomba Henry Musisi,002519M92,substitute,no,no,,,0
UPL,2025/26,KITARA-vs-LUGAZI,5,KITARA,home,4,Frank Tumwesigye,000536M99,substitute,no,no,28,,62
UPL,2025/26,KITARA-vs-LUGAZI,5,KITARA,home,7,Yunusu Sibira,024588M95,substitute,no,no,46,,44
UPL,2025/26,KITARA-vs-LUGAZI,5,KITARA,home,10,John Bosco Byaruhanga,063740M02,substitute,no,no,78,,12
UPL,2025/26,KITARA-vs-LUGAZI,5,KITARA,home,11,Wahab Gadafi,000370M99,substitute,no,no,64,,26
UPL,2025/26,KITARA-vs-LUGAZI,5,KITARA,home,14,Denis Monday,001396M92,substitute,no,no,,,0
UPL,2025/26,KITARA-vs-LUGAZI,5,KITARA,home,16,Eddy Ssebandeke,002928M01,substitute,no,no,64,,26
UPL,2025/26,KITARA-vs-LUGAZI,5,KITARA,home,18,Meddie Kibirige,000417M96,substitute,no,no,,,0
UPL,2025/26,KITARA-vs-LUGAZI,5,KITARA,home,19,John Byamukama,002193M95,substitute,no,no,,,0
UPL,2025/26,KITARA-vs-LUGAZI,5,KITARA,home,20,Crispus Asiki,058415M02,substitute,no,no,,,0
UPL,2025/26,KITARA-vs-LUGAZI,5,KITARA,home,22,Isaac Doka Mweru,008319M96,substitute,no,no,,,0
UPL,2025/26,KITARA-vs-LUGAZI,5,LUGAZI,away,1,Allan Batali Igama,065884M07,substitute,no,no,,,0
UPL,2025/26,KITARA-vs-LUGAZI,5,LUGAZI,away,4,Joseph Othieno,062824M96,substitute,no,no,49,,41
UPL,2025/26,KITARA-vs-LUGAZI,5,LUGAZI,away,6,Yusuf Mafabi,026758M03,substitute,no,no,,,0
UPL,2025/26,KITARA-vs-LUGAZI,5,LUGAZI,away,7,Ashiraf Mulindi,008496M01,substitute,no,no,69,,21
UPL,2025/26,KITARA-vs-LUGAZI,5,LUGAZI,away,10,Moses Ojoaza Buga,002606M95,substitute,no,no,,,0
UPL,2025/26,KITARA-vs-LUGAZI,5,LUGAZI,away,11,Paul Busolo,045165M02,substitute,no,no,,,0
UPL,2025/26,KITARA-vs-LUGAZI,5,LUGAZI,away,14,Adam Muteesasira,031602M02,substitute,no,no,69,,21
UPL,2025/26,KITARA-vs-LUGAZI,5,LUGAZI,away,18,Muhammad Kakooza,058484M09,substitute,no,no,,,0
UPL,2025/26,KITARA-vs-LUGAZI,5,LUGAZI,away,25,Birungi Alvin Twiine,050305M06,substitute,no,no,39,,51
UPL,2025/26,KITARA-vs-LUGAZI,5,LUGAZI,away,26,Juma Ssajjabi,051304M06,substitute,no,no,69,,21
UPL,2025/26,KITARA-vs-LUGAZI,5,LUGAZI,away,29,Akiram Massa,057830M06,substitute,no,no,,,0
UPL,2025/26,BUL-vs-EXPRESS,5,BUL,home,23,TOM IKARA,065955M97,starting,no,yes,0,,90
UPL,2025/26,BUL-vs-EXPRESS,5,BUL,home,04,Walter Ochora,002426M97,starting,yes,no,0,,90
UPL,2025/26,BUL-vs-EXPRESS,5,BUL,home,02,Hillary Onek,001574M01,starting,no,no,0,,90
UPL,2025/26,BUL-vs-EXPRESS,5,BUL,home,3,Nicholas Mwere,020667M01,starting,no,no,0,,90
UPL,2025/26,BUL-vs-EXPRESS,5,BUL,home,10,Ibrahim Mugulusi,000773M99,starting,no,no,0,,90
UPL,2025/26,BUL-vs-EXPRESS,5,BUL,home,14,Jeromy Kirya,002167M97,starting,no,no,0,73,73
UPL,2025/26,BUL-vs-EXPRESS,5,BUL,home,16,Pascal Ngobi,002654M94,starting,no,no,0,,90
UPL,2025/26,BUL-vs-EXPRESS,5,BUL,home,17,Tah Barni Kelvin,024730M99,starting,no,no,0,,90
UPL,2025/26,BUL-vs-EXPRESS,5,BUL,home,20,Abdul Karim Ndugwa,062821M97,starting,no,no,0,57,57
UPL,2025/26,BUL-vs-EXPRESS,5,BUL,home,24,Martin Aprem,006304M00,starting,no,no,0,57,57
UPL,2025/26,BUL-vs-EXPRESS,5,BUL,home,25,Denis Ssewagudde,048868M06,starting,no,no,0,73,73
UPL,2025/26,BUL-vs-EXPRESS,5,EXPRESS,away,12,Ramadhan Ali Mwirusi,006444M99,starting,no,yes,0,,90
UPL,2025/26,BUL-vs-EXPRESS,5,EXPRESS,away,13,Ashraf Mbazira,002676M98,starting,yes,no,0,,90
UPL,2025/26,BUL-vs-EXPRESS,5,EXPRESS,away,3,HAKIM WANDERA,033032M07,starting,no,no,0,,90
UPL,2025/26,BUL-vs-EXPRESS,5,EXPRESS,away,5,Richard Basangwa,021294M01,starting,no,no,0,,90
UPL,2025/26,BUL-vs-EXPRESS,5,EXPRESS,away,8,Muhamed Kagawa Ssenoga,021073M01,starting,no,no,0,83,83
UPL,2025/26,BUL-vs-EXPRESS,5,EXPRESS,away,11,Abdulahi Rashid,001920M00,starting,no,no,0,34,34
UPL,2025/26,BUL-vs-EXPRESS,5,EXPRESS,away,19,RWOTNGEYO DOUGLAS HANNCIENT,065936M03,starting,no,no,0,,90
UPL,2025/26,BUL-vs-EXPRESS,5,EXPRESS,away,21,Henry Wamala,006082M96,starting,no,no,0,58,58
UPL,2025/26,BUL-vs-EXPRESS,5,EXPRESS,away,22,Yosia Kisa,033521M01,starting,no,no,0,83,83
UPL,2025/26,BUL-vs-EXPRESS,5,EXPRESS,away,28,Lawrence Muwonge Bukenya,056374M04,starting,no,no,0,,90
UPL,2025/26,BUL-vs-EXPRESS,5,EXPRESS,away,29,ISA GLORY KISUULE,058018M05,starting,no,no,0,,90
UPL,2025/26,BUL-vs-EXPRESS,5,BUL,home,01,Yawe Farouk Sebanjja,002513M99,substitute,no,no,,,0
UPL,2025/26,BUL-vs-EXPRESS,5,BUL,home,05,Bakali Magumda,008892M96,substitute,no,no,,,0
UPL,2025/26,BUL-vs-EXPRESS,5,BUL,home,09,Seiri Arigumaho,024705M01,substitute,no,no,57,,33
UPL,2025/26,BUL-vs-EXPRESS,5,BUL,home,12,ISAAC SSENYUNJA,027464M98,substitute,no,no,57,,33
UPL,2025/26,BUL-vs-EXPRESS,5,BUL,home,18,ALEX KITATA,065956M92,substitute,no,no,73,,17
UPL,2025/26,BUL-vs-EXPRESS,5,BUL,home,19,Isaac Musiima,008053M93,substitute,no,no,73,,17
UPL,2025/26,BUL-vs-EXPRESS,5,BUL,home,21,Fredrick Ngalo,000957M96,substitute,no,no,,,0
UPL,2025/26,BUL-vs-EXPRESS,5,BUL,home,22,Reagan Kalyowa,006303M01,substitute,no,no,,,0
UPL,2025/26,BUL-vs-EXPRESS,5,BUL,home,26,SWABIR MPASA,039081M06,substitute,no,no,,,0
UPL,2025/26,BUL-vs-EXPRESS,5,BUL,home,28,LWENDA SOWEDI,038683M06,substitute,no,no,,,0
UPL,2025/26,BUL-vs-EXPRESS,5,BUL,home,30,Simon Achidi,045395M05,substitute,no,no,,,0
UPL,2025/26,BUL-vs-EXPRESS,5,EXPRESS,away,,OLOYA MOSES,063678M92,substitute,no,no,83,,7
UPL,2025/26,BUL-vs-EXPRESS,5,EXPRESS,away,2,Peter Onzima,000956M94,substitute,no,no,,,0
UPL,2025/26,BUL-vs-EXPRESS,5,EXPRESS,away,4,ALLI ISMAEL,065960M08,substitute,no,no,83,,7
UPL,2025/26,BUL-vs-EXPRESS,5,EXPRESS,away,9,Habert Asiimwe,015651M97,substitute,no,no,58,,32
UPL,2025/26,BUL-vs-EXPRESS,5,EXPRESS,away,17,Mikidadi Ssenyonga,009184M97,substitute,no,no,,,0
UPL,2025/26,BUL-vs-EXPRESS,5,EXPRESS,away,24,Deogratious Ojok,005962M95,substitute,no,no,,,0
UPL,2025/26,BUL-vs-EXPRESS,5,EXPRESS,away,27,Khassim Hafizi,010898M04,substitute,no,no,,,0
UPL,2025/26,BUL-vs-EXPRESS,5,EXPRESS,away,30,Elvis Ssekajjugo,063477M06,substitute,no,no,34,,56
UPL,2025/26,BUHIMBA-vs-VILLA,5,BUHIMBA,home,28,Moses Ayebale,033075M05,starting,no,yes,0,,90
UPL,2025/26,BUHIMBA-vs-VILLA,5,BUHIMBA,home,18,Maxwell Owachgiu,001052M97,starting,yes,no,0,,90
UPL,2025/26,BUHIMBA-vs-VILLA,5,BUHIMBA,home,02,David Kasaija,008615M02,starting,no,no,0,,90
UPL,2025/26,BUHIMBA-vs-VILLA,5,BUHIMBA,home,3,NKATA FRED,065708M93,starting,no,no,0,,90
UPL,2025/26,BUHIMBA-vs-VILLA,5,BUHIMBA,home,6,Davis Kakaire,031960M01,starting,no,no,0,,90
UPL,2025/26,BUHIMBA-vs-VILLA,5,BUHIMBA,home,8,Erick Muber,032079M02,starting,no,no,0,70,70
UPL,2025/26,BUHIMBA-vs-VILLA,5,BUHIMBA,home,14,Solomon Akodi,003594M01,starting,no,no,0,,90
UPL,2025/26,BUHIMBA-vs-VILLA,5,BUHIMBA,home,19,Derick Byabacwezi,026897M01,starting,no,no,0,88,88
UPL,2025/26,BUHIMBA-vs-VILLA,5,BUHIMBA,home,21,Edson Agondeze,008499M00,starting,no,no,0,,90
UPL,2025/26,BUHIMBA-vs-VILLA,5,BUHIMBA,home,25,Anwaru Mustafa Ntege,002236M94,starting,no,no,0,70,70
UPL,2025/26,BUHIMBA-vs-VILLA,5,BUHIMBA,home,26,Swadik Moro,044784M03,starting,no,no,0,70,70
UPL,2025/26,BUHIMBA-vs-VILLA,5,Villa,away,23,David Lukwago,031565M02,starting,no,yes,0,,90
UPL,2025/26,BUHIMBA-vs-VILLA,5,Villa,away,15,David Owori,000506M98,starting,yes,no,0,,90
UPL,2025/26,BUHIMBA-vs-VILLA,5,Villa,away,4,Geoffrey Lubanga Kene,000824M96,starting,no,no,0,,90
UPL,2025/26,BUHIMBA-vs-VILLA,5,Villa,away,5,Reagan Mpande,001189M00,starting,no,no,0,65,65
UPL,2025/26,BUHIMBA-vs-VILLA,5,Villa,away,6,Simon Kato Ssemayange,010603M97,starting,no,no,0,,90
UPL,2025/26,BUHIMBA-vs-VILLA,5,Villa,away,12,Ibrahim Kasinde,062054M03,starting,no,no,0,78,78
UPL,2025/26,BUHIMBA-vs-VILLA,5,Villa,away,17,Najib Yiga,006318M02,starting,no,no,0,46,46
UPL,2025/26,BUHIMBA-vs-VILLA,5,Villa,away,19,Missi Diego Semugera,002791M95,starting,no,no,0,,90
UPL,2025/26,BUHIMBA-vs-VILLA,5,Villa,away,22,Aslam Ssemakula,031580M99,starting,no,no,0,65,65
UPL,2025/26,BUHIMBA-vs-VILLA,5,Villa,away,26,Hassan Mubiru,031869M04,starting,no,no,0,78,78
UPL,2025/26,BUHIMBA-vs-VILLA,5,Villa,away,27,Raymon Barasa Mangoli,039141M07,starting,no,no,0,,90
UPL,2025/26,BUHIMBA-vs-VILLA,5,BUHIMBA,home,5,Dudu Ramadhan,001615M93,substitute,no,no,,,0
UPL,2025/26,BUHIMBA-vs-VILLA,5,BUHIMBA,home,7,Hussein Mwanje,024625M97,substitute,no,no,,,0
UPL,2025/26,BUHIMBA-vs-VILLA,5,BUHIMBA,home,10,Shafic Kiryowa,007345M99,substitute,no,no,70,,20
UPL,2025/26,BUHIMBA-vs-VILLA,5,BUHIMBA,home,11,John Wesley kisaakye,006087M96,substitute,no,no,,,0
UPL,2025/26,BUHIMBA-vs-VILLA,5,BUHIMBA,home,12,Charles Kyomuhendo,009379M97,substitute,no,no,,,0
UPL,2025/26,BUHIMBA-vs-VILLA,5,BUHIMBA,home,15,NICHOLAS WAMANI,021729M98,substitute,no,no,,,0
UPL,2025/26,BUHIMBA-vs-VILLA,5,BUHIMBA,home,23,Mpuna Emmanuel Biseki,065950M97,substitute,no,no,70,,20
UPL,2025/26,BUHIMBA-vs-VILLA,5,BUHIMBA,home,24,ELIUDE AMANYIRE,032700M02,substitute,no,no,,,0
UPL,2025/26,BUHIMBA-vs-VILLA,5,BUHIMBA,home,29,LUCAS MOLA,056450M05,substitute,no,no,88,,2
UPL,2025/26,BUHIMBA-vs-VILLA,5,BUHIMBA,home,30,John Bosco Sempijja,025115M04,substitute,no,no,70,,20
UPL,2025/26,BUHIMBA-vs-VILLA,5,Villa,away,7,Sula Matovu,001611M92,substitute,no,no,,,0
UPL,2025/26,BUHIMBA-vs-VILLA,5,Villa,away,8,Elivis Ngonde,005096M02,substitute,no,no,,,0
UPL,2025/26,BUHIMBA-vs-VILLA,5,Villa,away,9,Frank Ssebufu,000408M02,substitute,no,no,,,0
UPL,2025/26,BUHIMBA-vs-VILLA,5,Villa,away,11,Jerome Otim,033445M02,substitute,no,no,78,,12
UPL,2025/26,BUHIMBA-vs-VILLA,5,Villa,away,13,Ali Arshavin Bayo,001599M97,substitute,no,no,46,,44
UPL,2025/26,BUHIMBA-vs-VILLA,5,Villa,away,16,Cyrus Kibande,000999M96,substitute,no,no,78,,12
UPL,2025/26,BUHIMBA-vs-VILLA,5,Villa,away,18,Tonny Atukunda,002944M01,substitute,no,no,,,0
UPL,2025/26,BUHIMBA-vs-VILLA,5,Villa,away,20,Geofrey Gagganga,001322M99,substitute,no,no,65,,25
UPL,2025/26,BUHIMBA-vs-VILLA,5,Villa,away,21,Andrew Otim,052048M99,substitute,no,no,65,,25
UPL,2025/26,BUHIMBA-vs-VILLA,5,Villa,away,24,Jeans Braddy Wokorach,002173M96,substitute,no,no,,,0
UPL,2025/26,BUHIMBA-vs-VILLA,5,Villa,away,25,Hamidu Nsubuga,058012M04,substitute,no,no,,,0
UPL,2025/26,BUHIMBA-vs-VILLA,5,Villa,away,30,Merickzedek Mangeni,064911M06,substitute,no,no,,,0
UPL,2025/26,KCCA-vs-CALVARY,5,KCCA,home,12,Charles Lukwago,000622M94,starting,yes,yes,0,,90
UPL,2025/26,KCCA-vs-CALVARY,5,KCCA,home,2,Herbert Achayi,006277M99,starting,no,no,0,,90
UPL,2025/26,KCCA-vs-CALVARY,5,KCCA,home,3,Hassan Muhamud,003074M96,starting,no,no,0,,90
UPL,2025/26,KCCA-vs-CALVARY,5,KCCA,home,4,Saidi Mayanja,001033M99,starting,no,no,0,,90
UPL,2025/26,KCCA-vs-CALVARY,5,KCCA,home,6,Sammy Raynald Ssebaduka,028682M02,starting,no,no,0,46,46
UPL,2025/26,KCCA-vs-CALVARY,5,KCCA,home,11,Ivan Ahimbisibwe,002011M95,starting,no,no,0,65,65
UPL,2025/26,KCCA-vs-CALVARY,5,KCCA,home,15,Enock Walusimbi,001697M98,starting,no,no,0,46,46
UPL,2025/26,KCCA-vs-CALVARY,5,KCCA,home,16,Fillbert Obenchan,000649M96,starting,no,no,0,,90
UPL,2025/26,KCCA-vs-CALVARY,5,KCCA,home,18,Umar Lutalo,024772M03,starting,no,no,0,69,69
UPL,2025/26,KCCA-vs-CALVARY,5,KCCA,home,19,Shafik Nana Kwikiriza,040861M04,starting,no,no,0,67,67
UPL,2025/26,KCCA-vs-CALVARY,5,KCCA,home,22,Joel Sserunjogi,005883M04,starting,no,no,0,,90
UPL,2025/26,KCCA-vs-CALVARY,5,CALVARY,away,24,Emmanuel Derrick Were,000315M96,starting,no,yes,0,,90
UPL,2025/26,KCCA-vs-CALVARY,5,CALVARY,away,8,Christopher Agotre,005690M98,starting,yes,no,0,46,46
UPL,2025/26,KCCA-vs-CALVARY,5,CALVARY,away,2,John Rogers,006294M03,starting,no,no,0,72,72
UPL,2025/26,KCCA-vs-CALVARY,5,CALVARY,away,10,Simon Peter Odeke,000823M96,starting,no,no,0,,90
UPL,2025/26,KCCA-vs-CALVARY,5,CALVARY,away,14,Lawrence Olaboro,006809M96,starting,no,no,0,72,72
UPL,2025/26,KCCA-vs-CALVARY,5,CALVARY,away,15,Stephen Oriokot,000835M97,starting,no,no,0,,90
UPL,2025/26,KCCA-vs-CALVARY,5,CALVARY,away,21,Daniel Opio,006881M97,starting,no,no,0,,90
UPL,2025/26,KCCA-vs-CALVARY,5,CALVARY,away,23,Marvin Praise Wambuga,024641M01,starting,no,no,0,,90
UPL,2025/26,KCCA-vs-CALVARY,5,CALVARY,away,28,Allan Kiggundu,001111M04,starting,no,no,0,40,40
UPL,2025/26,KCCA-vs-CALVARY,5,CALVARY,away,29,ANDREW KIWANUKA,064234M05,starting,no,no,0,,90
UPL,2025/26,KCCA-vs-CALVARY,5,CALVARY,away,30,Junior Emmanuel Ojok,033958M06,starting,no,no,0,,90
UPL,2025/26,KCCA-vs-CALVARY,5,KCCA,home,01,Mutwalibi Mugolofa,001733M00,substitute,no,no,,,0
UPL,2025/26,KCCA-vs-CALVARY,5,KCCA,home,5,Sharifu Ssengendo,055880M05,substitute,no,no,65,,25
UPL,2025/26,KCCA-vs-CALVARY,5,KCCA,home,8,Alpha Thierry Ssali,006081M03,substitute,no,no,67,,23
UPL,2025/26,KCCA-vs-CALVARY,5,KCCA,home,20,Emmanuel Anyama,012569M98,substitute,no,no,69,,21
UPL,2025/26,KCCA-vs-CALVARY,5,KCCA,home,21,Gavin Mugweri Kizito,006315M02,substitute,no,no,,,0
UPL,2025/26,KCCA-vs-CALVARY,5,KCCA,home,24,Emojong Anthony Okimaru,001193M01,substitute,no,no,,,0
UPL,2025/26,KCCA-vs-CALVARY,5,KCCA,home,26,James Mubezi,025433M04,substitute,no,no,,,0
UPL,2025/26,KCCA-vs-CALVARY,5,KCCA,home,27,Lazaro Muhindo,058232M07,substitute,no,no,,,0
UPL,2025/26,KCCA-vs-CALVARY,5,KCCA,home,28,Humphrey Oyirwoth,044066M04,substitute,no,no,,,0
UPL,2025/26,KCCA-vs-CALVARY,5,KCCA,home,29,Haruna Lukwago,021673M04,substitute,no,no,46,,44
UPL,2025/26,KCCA-vs-CALVARY,5,KCCA,home,30,Alex Yiga,033201M06,substitute,no,no,46,,44
UPL,2025/26,KCCA-vs-CALVARY,5,CALVARY,away,3,Julius Ocen,002798M95,substitute,no,no,,,0
UPL,2025/26,KCCA-vs-CALVARY,5,CALVARY,away,11,James Ssemambo,000846M98,substitute,no,no,,,0
UPL,2025/26,KCCA-vs-CALVARY,5,CALVARY,away,12,Tusaba Najib Gwaidho,003727M95,substitute,no,no,46,,44
UPL,2025/26,KCCA-vs-CALVARY,5,CALVARY,away,16,Eric Otingcwinyu,003659M97,substitute,no,no,72,,18
UPL,2025/26,KCCA-vs-CALVARY,5,CALVARY,away,17,Haron Odongo,000740M00,substitute,no,no,,,0
UPL,2025/26,KCCA-vs-CALVARY,5,CALVARY,away,20,Steven Nyalimo,027792M95,substitute,no,no,72,,18
UPL,2025/26,KCCA-vs-CALVARY,5,CALVARY,away,22,Hadji Shukuru,032060M02,substitute,no,no,,,0
UPL,2025/26,KCCA-vs-CALVARY,5,CALVARY,away,25,Mubaraka Mitala,058076M06,substitute,no,no,,,0
UPL,2025/26,KCCA-vs-CALVARY,5,CALVARY,away,27,Zachous Ocen,031614M03,substitute,no,no,40,,50
UPL,2025/26,ENTEBBE-vs-VIPERS,5,ENTEBBE,home,24,Rogers Omedwa,006042M92,starting,no,yes,0,,90
UPL,2025/26,ENTEBBE-vs-VIPERS,5,ENTEBBE,home,15,Musitafa Mujuzi,000489M99,starting,yes,no,0,,90
UPL,2025/26,ENTEBBE-vs-VIPERS,5,ENTEBBE,home,05,Ahmed Amayo,009911M99,starting,no,no,0,,90
UPL,2025/26,ENTEBBE-vs-VIPERS,5,ENTEBBE,home,8,Steven Munguchi,002584M95,starting,no,no,0,63,63
UPL,2025/26,ENTEBBE-vs-VIPERS,5,ENTEBBE,home,9,Fazil Tumwine,051245M05,starting,no,no,0,46,46
UPL,2025/26,ENTEBBE-vs-VIPERS,5,ENTEBBE,home,10,Junior Samuel Kawawa,026859M97,starting,no,no,0,,90
UPL,2025/26,ENTEBBE-vs-VIPERS,5,ENTEBBE,home,12,Hassan Ssenyonjo,009233M00,starting,no,no,0,,90
UPL,2025/26,ENTEBBE-vs-VIPERS,5,ENTEBBE,home,13,Jonathan Gift Odongo,002867M98,starting,no,no,0,,90
UPL,2025/26,ENTEBBE-vs-VIPERS,5,ENTEBBE,home,16,Emmanuel Iisat,044680M03,starting,no,no,0,32,32
UPL,2025/26,ENTEBBE-vs-VIPERS,5,ENTEBBE,home,17,Issa Bugembe,024771M04,starting,no,no,0,,90
UPL,2025/26,ENTEBBE-vs-VIPERS,5,ENTEBBE,home,23,Isa Mubiru,000276M96,starting,no,no,0,,90
UPL,2025/26,ENTEBBE-vs-VIPERS,5,VIPERS,away,1,Alfred Macumu Mudekereza,031573M92,starting,no,yes,0,,90
UPL,2025/26,ENTEBBE-vs-VIPERS,5,VIPERS,away,11,Milton Karisa,020491M95,starting,yes,no,0,46,46
UPL,2025/26,ENTEBBE-vs-VIPERS,5,VIPERS,away,5,KEVIN DASYLVA BADY,065429M04,starting,no,no,0,,90
UPL,2025/26,ENTEBBE-vs-VIPERS,5,VIPERS,away,8,Enock Ssebaggala,008720M00,starting,no,no,0,83,83
UPL,2025/26,ENTEBBE-vs-VIPERS,5,VIPERS,away,15,Enock Luyima,028614M03,starting,no,no,0,,90
UPL,2025/26,ENTEBBE-vs-VIPERS,5,VIPERS,away,16,Hilary Panuel Mukundane,000617M93,starting,no,no,0,,90
UPL,2025/26,ENTEBBE-vs-VIPERS,5,VIPERS,away,21,Gusto Wa Ilungo Mulongo,057746M04,starting,no,no,0,66,66
UPL,2025/26,ENTEBBE-vs-VIPERS,5,VIPERS,away,22,Joseph Youngman Marvin,004090M98,starting,no,no,0,43,43
UPL,2025/26,ENTEBBE-vs-VIPERS,5,VIPERS,away,25,Abdulkarim Watambala,005628M98,starting,no,no,0,,90
UPL,2025/26,ENTEBBE-vs-VIPERS,5,VIPERS,away,27,Kiza Arafat Usama,065380M04,starting,no,no,0,66,66
UPL,2025/26,ENTEBBE-vs-VIPERS,5,VIPERS,away,30,Rogers Ochaki Torach,007612M02,starting,no,no,0,,90
UPL,2025/26,ENTEBBE-vs-VIPERS,5,ENTEBBE,home,03,Bright Joseph Vuni,002554M98,substitute,no,no,,,0
UPL,2025/26,ENTEBBE-vs-VIPERS,5,ENTEBBE,home,6,Sam Kintu,000495M95,substitute,no,no,,,0
UPL,2025/26,ENTEBBE-vs-VIPERS,5,ENTEBBE,home,11,Noordin Saddic Bunjo,000445M99,substitute,no,no,63,,27
UPL,2025/26,ENTEBBE-vs-VIPERS,5,ENTEBBE,home,14,Denis Otim,002882M99,substitute,no,no,,,0
UPL,2025/26,ENTEBBE-vs-VIPERS,5,ENTEBBE,home,18,John Kokas Alou,001667M02,substitute,no,no,32,,58
UPL,2025/26,ENTEBBE-vs-VIPERS,5,ENTEBBE,home,19,Ambrose Kigozi,024680M96,substitute,no,no,46,,44
UPL,2025/26,ENTEBBE-vs-VIPERS,5,ENTEBBE,home,21,Muhammad Kyeyune,006276M00,substitute,no,no,84,,6
UPL,2025/26,ENTEBBE-vs-VIPERS,5,ENTEBBE,home,22,Marvin Mukiibi,031945M03,substitute,no,no,,,0
UPL,2025/26,ENTEBBE-vs-VIPERS,5,ENTEBBE,home,25,George Kiryowa,001427M97,substitute,no,no,,,0
UPL,2025/26,ENTEBBE-vs-VIPERS,5,ENTEBBE,home,26,Yusuf Bogere,040860M05,substitute,no,no,,,0
UPL,2025/26,ENTEBBE-vs-VIPERS,5,ENTEBBE,home,27,Charles Okello Batiibwe,027001M05,substitute,no,no,,,0
UPL,2025/26,ENTEBBE-vs-VIPERS,5,ENTEBBE,home,28,Dan daris Kazibwe,065410M07,substitute,no,no,,,0
UPL,2025/26,ENTEBBE-vs-VIPERS,5,VIPERS,away,3,Derrick Ndahiro,006289M00,substitute,no,no,,,0
UPL,2025/26,ENTEBBE-vs-VIPERS,5,VIPERS,away,4,Livingstone Mulondo,000256M96,substitute,no,no,,,0
UPL,2025/26,ENTEBBE-vs-VIPERS,5,VIPERS,away,6,TADEO LWANGA,065425M94,substitute,no,no,43,,47
UPL,2025/26,ENTEBBE-vs-VIPERS,5,VIPERS,away,7,CHUKWUMA ODILI,065428M01,substitute,no,no,,,0
UPL,2025/26,ENTEBBE-vs-VIPERS,5,VIPERS,away,12,Junior Yunus Sentamu,021745M94,substitute,no,no,46,,44
UPL,2025/26,ENTEBBE-vs-VIPERS,5,VIPERS,away,14,Nico Wadada Wakiro,000473M94,substitute,no,no,,,0
UPL,2025/26,ENTEBBE-vs-VIPERS,5,VIPERS,away,17,Isaac Ogwang,002906M97,substitute,no,no,66,,24
UPL,2025/26,ENTEBBE-vs-VIPERS,5,VIPERS,away,18,Paul Patrick Mbowa,000399M97,substitute,no,no,,,0
UPL,2025/26,ENTEBBE-vs-VIPERS,5,VIPERS,away,19,Jack Komakech,024708M02,substitute,no,no,,,0
UPL,2025/26,ENTEBBE-vs-VIPERS,5,VIPERS,away,23,Moses Waiswa Ndhondhi,000514M97,substitute,no,no,83,,7
UPL,2025/26,ENTEBBE-vs-VIPERS,5,VIPERS,away,33,ROBIN KANE HNEY,065589M05,substitute,no,no,66,,24
UPL,2025/26,MBARARA-vs-NEC,5,MBARARA,home,01,Aaron Icumar,025112M99,starting,no,yes,0,,90
UPL,2025/26,MBARARA-vs-NEC,5,MBARARA,home,5,Ibrahim Thembo,002051M99,starting,yes,no,0,,90
UPL,2025/26,MBARARA-vs-NEC,5,MBARARA,home,3,Innocent Wafula Esimu,008629M96,starting,no,no,0,,90
UPL,2025/26,MBARARA-vs-NEC,5,MBARARA,home,8,Ian Amanya,003379M96,starting,no,no,0,60,60
UPL,2025/26,MBARARA-vs-NEC,5,MBARARA,home,9,Henry Kitegenyi,055878M04,starting,no,no,0,75,75
UPL,2025/26,MBARARA-vs-NEC,5,MBARARA,home,11,Mike Walaga,006072M93,starting,no,no,0,60,60
UPL,2025/26,MBARARA-vs-NEC,5,MBARARA,home,13,Hamza Mulambuzi,017847M01,starting,no,no,0,51,51
UPL,2025/26,MBARARA-vs-NEC,5,MBARARA,home,15,Reagan Matege,027324M98,starting,no,no,0,,90
UPL,2025/26,MBARARA-vs-NEC,5,MBARARA,home,22,Denis Kaka Omony,001160M00,starting,no,no,0,75,75
UPL,2025/26,MBARARA-vs-NEC,5,MBARARA,home,24,Sulaiman Ssesaazi,002522M96,starting,no,no,0,,90
UPL,2025/26,MBARARA-vs-NEC,5,MBARARA,home,30,Thomas Kakaire,001734M03,starting,no,no,0,,90
UPL,2025/26,MBARARA-vs-NEC,5,NEC,away,1,Samson Kiirya,000563M95,starting,no,yes,0,,90
UPL,2025/26,MBARARA-vs-NEC,5,NEC,away,8,Marvin Kavuma,019159M95,starting,yes,no,0,65,65
UPL,2025/26,MBARARA-vs-NEC,5,NEC,away,,Geriga Atendele,005528M95,starting,no,no,0,,90
UPL,2025/26,MBARARA-vs-NEC,5,NEC,away,6,Ibrahim Kiyemba,000537M95,starting,no,no,0,,90
UPL,2025/26,MBARARA-vs-NEC,5,NEC,away,10,Allan Mugalu,006920M96,starting,no,no,0,80,80
UPL,2025/26,MBARARA-vs-NEC,5,NEC,away,13,Shamiru Kimwero,055885M06,starting,no,no,0,,90
UPL,2025/26,MBARARA-vs-NEC,5,NEC,away,17,Gideon Odongo,013429M99,starting,no,no,0,,90
UPL,2025/26,MBARARA-vs-NEC,5,NEC,away,20,Dhata Joseph Stephen Lujang,021295M02,starting,no,no,0,65,65
UPL,2025/26,MBARARA-vs-NEC,5,NEC,away,23,Patrick Bayiga,003236M93,starting,no,no,0,46,46
UPL,2025/26,MBARARA-vs-NEC,5,NEC,away,30,Hudson Mbalire,057901M05,starting,no,no,0,,90
UPL,2025/26,MBARARA-vs-NEC,5,NEC,away,31,Siraje Ssentamu,000398M95,starting,no,no,0,,90
UPL,2025/26,MBARARA-vs-NEC,5,MBARARA,home,6,Francis Odongo,009525M97,substitute,no,no,51,,39
UPL,2025/26,MBARARA-vs-NEC,5,MBARARA,home,14,Latif Ssenkubuge,027525M00,substitute,no,no,60,,30
UPL,2025/26,MBARARA-vs-NEC,5,MBARARA,home,16,Ambrose Arinda,057902M06,substitute,no,no,,,0
UPL,2025/26,MBARARA-vs-NEC,5,MBARARA,home,17,Nasur Almahad Sadik,015036M01,substitute,no,no,60,,30
UPL,2025/26,MBARARA-vs-NEC,5,MBARARA,home,19,Gabriel Eragu,002769M93,substitute,no,no,75,,15
UPL,2025/26,MBARARA-vs-NEC,5,MBARARA,home,23,Wycliffe Ahumuza,044786M02,substitute,no,no,75,,15
UPL,2025/26,MBARARA-vs-NEC,5,MBARARA,home,26,Muhammed Kanyike,042577M03,substitute,no,no,,,0
UPL,2025/26,MBARARA-vs-NEC,5,MBARARA,home,28,Abudul Malik Bironse,025236M04,substitute,no,no,,,0
UPL,2025/26,MBARARA-vs-NEC,5,MBARARA,home,40,Stuart Hussein Kafuluma,065958M09,substitute,no,no,,,0
UPL,2025/26,MBARARA-vs-NEC,5,NEC,away,,Mustafa Kizza,001756M99,substitute,no,no,,,0
UPL,2025/26,MBARARA-vs-NEC,5,NEC,away,5,Daniel Shabene,000340M98,substitute,no,no,,,0
UPL,2025/26,MBARARA-vs-NEC,5,NEC,away,7,Emmanuel Ajo,033093M00,substitute,no,no,,,0
UPL,2025/26,MBARARA-vs-NEC,5,NEC,away,14,Paul Mucureezi,000375M93,substitute,no,no,65,,25
UPL,2025/26,MBARARA-vs-NEC,5,NEC,away,15,Joseph Seremba,025443M04,substitute,no,no,80,,10
UPL,2025/26,MBARARA-vs-NEC,5,NEC,away,16,Ibrahim Musa,041109M03,substitute,no,no,46,,44
UPL,2025/26,MBARARA-vs-NEC,5,NEC,away,18,Muzamiru Mutyaba,000542M93,substitute,no,no,,,0
UPL,2025/26,MBARARA-vs-NEC,5,NEC,away,19,Hannington Sebwalunyo,000335M89,substitute,no,no,,,0
UPL,2025/26,MBARARA-vs-NEC,5,NEC,away,27,James Jarieko,008348M03,substitute,no,no,65,,25
UPL,2025/26,MBARARA-vs-NEC,5,NEC,away,28,Emmanuel Kulanga,036009M06,substitute,no,no,,,0
